#Code;English;French;German;Spanish;Russian;x
archer_training_marksmans_field;Marksmans Field;;;;;x
archer_training_marksmans_field_desc;A vast, permanent field for the most advanced archery tournaments, drawing the best marksmen from the region and cementing the tribes legendary reputation.;;;;;x
warlords_keep;Warlords Keep;;;;;x
warlords_keep_desc;An imposing fortress at the heart of the tribal realm, the seat of the warlord and symbol of absolute power.;;;;;x
mountain_mining_mountain_foundry;Mountain Foundry;;;;;x
mountain_mining_mountain_foundry_desc;A vast, smoke belching foundry complex, forging weapons, armor, and tools for the tribe. A symbol of power, wealth, and mastery over the mountain.;;;;;x
arctic_frozen_hearth_pavilion;Frozen Hearth Pavilion;;;;;x
arctic_frozen_hearth_pavilion_desc;An awe inspiring arctic palace, a marvel of communal engineering, with grand interiors, dozens of hearths, and space for vast assemblies, feasts, and the display of tribal might.;;;;;x
chiefs_watchtower;Chiefs Watchtower;;;;;x
chiefs_watchtower_desc;A towering wooden bastion overlooking the endless steppe, reserved for the clan chief and his most trusted warriors. Its construction marks the clan as undisputed masters of their domain.;;;;;x
chiefs_wind_lodge;Chiefs Wind Lodge;;;;;x
chiefs_wind_lodge_desc;An immense, masterfully constructed tribal palace, its halls insulated by thick walls and adorned with banners serving as the seat of power, unity, and defense for all the plainsfolk.;;;;;x
medicinal_pavilion;Medicinal Pavilion;;;;;x
medicinal_pavilion_desc;A grand pavilion dedicated to healing, study, and the preservation of rare jungle knowledge, drawing healers and warriors from afar and turning the garden into a beacon of tribal power.;;;;;x
farmlands_master_irrigators_hall;Master Irrigators Hall;;;;;x
farmlands_master_irrigators_hall_desc;A grand hall where master irrigators oversee the entire system, train apprentices, and maintain the waterworks, cementing the tribes dominance over the land and its abundance.;;;;;x
hilltop_signal_tower;Hilltop Signal Tower;;;;;x
hilltop_signal_tower_desc;A mighty signal tower, ringed with stone walls and barracks, dominating the hills and able to alert the entire region in moments.;;;;;x
steppe_livestock_hall;Steppe Livestock Hall;;;;;x
steppe_livestock_hall_desc;A monumental hall at the heart of the herding complex, blending administration, feasting, and martial musters for the tribes elite; the pride of the steppe.;;;;;x
arctic_transport_hall;Arctic Transport Hall;;;;;x
arctic_transport_hall_desc;The ultimate center for Arctic mobility: a fortified hall with advanced storage, command, and supply for rapid deployment of the tribes forces across the frozen wastes.;;;;;x
desert_oasis_well_oasis_keep;Oasis Keep;;;;;x
desert_oasis_well_oasis_keep_desc;A mighty stronghold rises above the oasis, its walls protecting water, people, and wealth. It is the jewel of the desert and a beacon of tribal power.;;;;;x
hilltop_quarry;Hilltop Quarry;;;;;x
hilltop_quarry_desc;A sprawling, fortified quarry atop the hill, dominating the landscape. Master stonemasons, guards, and overseers ensure abundant stone and tribal prosperity. The tribes might is manifest.;;;;;x
master_trapmakers_hall;Master Trapmakers Hall;;;;;x
master_trapmakers_hall_desc;A legendary hall of stone and rare woods, housing the master trapmakers of the jungle. Its defenses are unparalleled, and its influence felt across the realm.;;;;;x
arctic_anglers_hall;Arctic Anglers Hall;;;;;x
arctic_anglers_hall_desc;A monumental gathering hall of stone, wood, and bone, headquarters for Arctic fishers and a symbol of enduring tribal prosperity.;;;;;x
arctic_frozen_keep;Frozen Keep;;;;;x
arctic_frozen_keep_desc;A mighty keep carved from snow and ice, combining formidable defense with unmatched capacity for warriors and retinues.;;;;;x
tribal_council_chieftains_assembly;Chieftains Assembly;;;;;x
tribal_council_chieftains_assembly_desc;A mighty council chamber, ringed with stone and banners, where the greatest tribal lords meet in splendor and strength.;;;;;x
master_trainers_arena;Master Trainers Arena;;;;;x
master_trainers_arena_desc;A legendary steppe arena where the greatest horsemasters gather, attracting skilled trainers and warriors from across the land.;;;;;x
desert_oasis;Desert Oasis;;;;;x
desert_oasis_desc;The palm grove has matured into a true oasis, with stone structures, large reservoirs, a thriving market, and a legendary reputation across the sands.;;;;;x
chiefs_orchard;Chiefs Orchard;;;;;x
chiefs_orchard_desc;A grand orchard under the direct patronage of the tribal chief, with stone towers, guarded storehouses, and lush trees. It is a symbol of tribal unity, prosperity, and excess.;;;;;x
archer_training_hunting_arena;Hunting Arena;;;;;x
archer_training_hunting_arena_desc;A grand arena where archers compete in hunting trials, attracting onlookers and strengthening the tribes martial traditions.;;;;;x
hilltop_citadel_hilltop;Hilltop Citadel;;;;;x
hilltop_citadel_hilltop_desc;An imposing stone citadel, ringed with towers and thick walls, that serves as an unassailable bastion and the seat of tribal might for generations to come.;;;;;x
desert_fortress;Desert Fortress;;;;;x
desert_fortress_desc;An awe inspiring fortress of mudbrick and stone, ringed with layers of walls and towers. It dominates the region, serving as the unassailable heart of the tribe and a beacon of power across the sands.;;;;;x
master_hunters_lodge;Master Hunters Lodge;;;;;x
master_hunters_lodge_desc;A grand, fortified lodge for the tribes master hunters, equipped with storerooms, workshops, kennels, and ceremonial halls, cementing the tribes hunting legacy.;;;;;x
marketplace_trade_guildhouse;Trade Guildhouse;;;;;x
marketplace_trade_guildhouse_desc;An imposing guildhouse where merchant clans gather, trade is regulated, and the wealth of the tribe is managed.;;;;;x
mountain_keep;Mountain Keep;;;;;x
mountain_keep_desc;A mighty keep hewn from living rock, dominating the mountain pass and serving as the unchallenged seat of tribal power and defense.;;;;;x
alpine_fold;Alpine Fold;;;;;x
alpine_fold_desc;A legendary goat fold sprawling across the high peaks, the pride and might of the mountain tribe, famed far and wide.;;;;;x
master_anglers_wharf;Master Anglers Wharf;;;;;x
master_anglers_wharf_desc;The pride of the region: a vast and bustling wharf, famed for its skilled fishers, prosperous trade, and thriving community.;;;;;x
jungle_bastion;Jungle Bastion;;;;;x
jungle_bastion_desc;An awe inspiring complex of layered walls, fortified towers, and hidden paths an unassailable stronghold at the heart of the jungle, renowned across distant lands.;;;;;x
mountain_mining_chiefs_mining_hall;Chiefs Mining Hall;;;;;x
mountain_mining_chiefs_mining_hall_desc;A grand timber and stone hall where the chief oversees mining operations, hosts feasts, and dispenses justice. The heart of the mining settlement.;;;;;x
steppe_migration_hall;Steppe Migration Hall;;;;;x
steppe_migration_hall_desc;The pinnacle of nomad organization; a permanent hall for tribal leadership, strategic planning, and the display of captured banners and treasures.;;;;;x
chiefs_silo;Chiefs Silo;;;;;x
chiefs_silo_desc;A monumental, stone and timber silo, the pride of the tribe. Vast reserves ensure unmatched readiness, support for a grand court, and legendary prestige among all clans.;;;;;x
arctic_gathering_hall;Arctic Gathering Hall;;;;;x
arctic_gathering_hall_desc;A monumental hall constructed of stone and timber, with advanced insulation and a network of central hearths, acting as the true heart of the tribes social and political life.;;;;;x
master_blacksmiths_shop;Master Blacksmiths Shop;;;;;x
master_blacksmiths_shop_desc;An illustrious workshop where master smiths craft legendary arms, attracting warriors from afar and cementing the tribes martial renown.;;;;;x
master_irrigators_tower;Master Irrigators Tower;;;;;x
master_irrigators_tower_desc;A grand tower rises above the plains, housing the tribes irrigation masters who oversee the vast, intricate waterworks and greatly enhance the prosperity, size, and reputation of the realm.;;;;;x
jungle_reservoir;Jungle Reservoir;;;;;x
jungle_reservoir_desc;The crowning achievement: a massive earthwork and stone lined reservoir, supporting a thriving population, vast retinues, and unyielding defense.;;;;;x
heros_sanctuary;Heros Sanctuary;;;;;x
heros_sanctuary_desc;A revered sanctuary honoring legendary warriors, surrounded by statues and filled with relics of past glories.;;;;;x
tribal_berry_pavilion;Berry Pavilion;;;;;x
tribal_berry_pavilion_desc;A grand pavilion overlooks the groves, hosting feasts, councils, and war councils a symbol of the tribes unity and might.;;;;;x
steppe_oasis;Steppe Oasis;;;;;x
steppe_oasis_desc;A sprawling, fortified oasis complex with multiple wells, basins, and gathering halls. The heart of the tribes power, it sustains armies, hosts great councils, and symbolizes tribal might.;;;;;x
fortified_compound;Fortified Compound;;;;;x
fortified_compound_desc;A sprawling, multi layered stronghold with reinforced earthworks, wooden towers, and secure barracks, forming the heart of tribal power.;;;;;x
harvest_pavilion;Harvest Pavilion;;;;;x
harvest_pavilion_desc;A monumental gathering hall and storehouse, seat of the tribes feasts, boasting unparalleled storage and reinforcing tribal pride.;;;;;x
harvest_pavilion;Harvest Pavilion;;;;;x
harvest_pavilion_desc;The crowning achievement: a monumental pavilion where harvest festivals are held, and surplus is displayed for all to see a symbol of abundance and unity.;;;;;x
harvest_hall;Harvest Hall;;;;;x
harvest_hall_desc;An impressive, multi story hall at the heart of the farmland, serving as the administrative, ceremonial, and logistical center for all crop storage, processing, and feasts. A true symbol of tribal prosperity.;;;;;x
community_beacon;Community Beacon;;;;;x
community_beacon_desc;A beacon complex including a signal tower, village enclosure, and communal hall, allowing the whole tribe to muster at the first sign of smoke.;;;;;x
bannered_lookout;Bannered Lookout;;;;;x
bannered_lookout_desc;A grand lookout crowned with tribal banners and symbols, this post is a rallying point for warriors and a symbol of clan unity and strength.;;;;;x
chiefs_stud_farm;Chiefs Stud Farm;;;;;x
chiefs_stud_farm_desc;A grand and well guarded stud farm, home to the tribes best horses and master trainers. It is the pride of the plains.;;;;;x
master_scout_camp;Master Scout Camp;;;;;x
master_scout_camp_desc;The ultimate scout headquarters, with advanced facilities, elite instructors, and a permanent force ready to respond instantly to any threat.;;;;;x
insulated_hall;Insulated Hall;;;;;x
insulated_hall_desc;A grand longhouse with thick walls of stone and timber, tightly sealed against the wind, serving as a center for tribal governance and feasting.;;;;;x
beast_breeders_hall;Beast Breeders Hall;;;;;x
beast_breeders_hall_desc;A grand hall where skilled breeders oversee the finest herds, supporting massive livestock populations and attracting ambitious courtiers and warriors alike.;;;;;x
jungle_grove;Jungle Grove;;;;;x
jungle_grove_desc;A sacred grove within the jungle, cultivated for rare and medicinal plants, attracting wise folk and boosting the tribes prestige and resources.;;;;;x
community_fort_farmlands;Community Fort;;;;;x
community_fort_farmlands_desc;A stone walled communal fortress, symbol of unity and pride, able to host the entire settlement in times of peril and serve as a seat of local authority.;;;;;x
arctic_arctic_cache;Arctic Cache;;;;;x
arctic_arctic_cache_desc;A legendary complex of fortified vaults and outbuildings, safeguarded by elite guards and renowned as a center of prosperity and tribal power.;;;;;x
chiefs_herd_house;Chiefs Herd House;;;;;x
chiefs_herd_house_desc;A grand, fortified structure serving as both livestock headquarters and a symbol of the chiefs wealth, attracting skilled riders and warriors to the tribe.;;;;;x
mountain_cliff_watchpost_mountain_bastion;Mountain Bastion;;;;;x
mountain_bastion_desc;A mighty fortress hewn into the living rock, bristling with archers and retinues, symbolizing the unyielding spirit of the mountain tribe.;;;;;x
highland_pavilion;Highland Pavilion;;;;;x
highland_pavilion_desc;A grand pavilion atop the mountain, hosting grain reserves, feasts, and councils ultimate symbol of tribal strength and prosperity.;;;;;x
master_tanners_workshop;Master Tanners Workshop;;;;;x
master_tanners_workshop_desc;The seat of a master craftsman, this grand workshop produces the finest leathers, drawing skilled workers and boosting the tribes power.;;;;;x
desert_pavilion;Desert Pavilion;;;;;x
desert_pavilion_desc;The ultimate tribal gathering place: an immense, ornate pavilion of stone, canvas, and tile, serving as both fortress and administrative center for the tribe. Its cool shade, strategic sightlines, and storied halls are famed across the sands.;;;;;x
herbalists_lodge;Herbalists Lodge;;;;;x
herbalists_lodge_desc;A sprawling complex with storage, teaching spaces, and workshops for herbal remedies, making the settlement a regional center for healing and knowledge.;;;;;x
farmlands_guarded_water_tower;Guarded Water Tower;;;;;x
farmlands_guarded_water_tower_desc;A fortified tower guards the vital water supply, acting as both a defensive structure and a symbol of tribal might, ensuring continued prosperity and security.;;;;;x
community_sled_yard;Community Sled Yard;;;;;x
community_sled_yard_desc;A vast communal yard, accommodating the tribes entire sled fleet and fostering unity through shared Arctic endeavors.;;;;;x
hilltop_fold;Hilltop Fold;;;;;x
hilltop_fold_desc;A monumental, fortified fold atop the highest hill, visible for leagues, sheltering the greatest flock and the tribes warriors in times of peril.;;;;;x
arctic_chiefs_arctic_hall;Chiefs Arctic Hall;;;;;x
arctic_chiefs_arctic_hall_desc;A grand, multi chambered ice and snow hall, seat of the chief, where great councils are held and warbands mustered.;;;;;x
steppe_chief_hall;Steppe Chief Hall;;;;;x
steppe_chief_hall_desc;A prestigious wooden hall at the encampments heart, blending steppe architecture with permanence. It hosts the chief, council, and festive gatherings, standing as the ultimate show of tribal power.;;;;;x
jungle_trap_pavilion;Jungle Trap Pavilion;;;;;x
jungle_trap_pavilion_desc;A grand pavilion of decorated wood and stone, surrounded by intricate trapworks, where tribal councils meet and the most skilled trappers train new generations.;;;;;x
steppe_community_pavilion;Community Pavilion;;;;;x
steppe_community_pavilion_desc;A vast pavilion where the entire tribe can gather for council, celebrations, and the forging of alliances.;;;;;x
arctic_community_fishing_lodge;Community Fishing Lodge;;;;;x
arctic_community_fishing_lodge_desc;A sprawling wooden lodge built atop the frozen expanse, where the whole tribe gathers for fishing, trade, and winter storytelling.;;;;;x
steppe_riding_pavilion;Steppe Riding Pavilion;;;;;x
steppe_riding_pavilion_desc;A vast, roofed open air arena with stands and pavilions, hosting grand riding games and uniting the tribe around shared tradition and spectacle.;;;;;x
community_stone_yard;Community Stone Yard;;;;;x
community_stone_yard_desc;A massive open yard where stone is processed, traded, and distributed to the entire tribe. Laborers, guards, and masons work in unison, strengthening both economy and defense.;;;;;x
desert_oasis_well_chiefs_water_hall;Chiefs Water Hall;;;;;x
desert_oasis_well_chiefs_water_hall_desc;The oasiss heart: a grand hall for the chief, surrounded by lush gardens and guarded stores, drawing all clans to its life giving bounty.;;;;;x
tribal_council_guarded_antechamber;Guarded Antechamber;;;;;x
tribal_council_guarded_antechamber_desc;A fortified entrance hall guarded by loyal warriors, ensuring the safety of the council and impressing outsiders with tribal power.;;;;;x
chiefs_orchard;Chiefs Orchard;;;;;x
chiefs_orchard_desc;A lush private orchard for the tribal chief, with stone lined irrigation and guarded walls. Local elders gather here for council or festivity, strengthening authority and unity.;;;;;x
community_orchard;Community Orchard;;;;;x
community_orchard_desc;The orchard becomes a communal project, with large numbers of the tribe tending trees, guarding stores, and celebrating harvests. Its bounty is famed, and the settlement boasts strong internal cohesion.;;;;;x
beast_pit;Beast Pit;;;;;x
beast_pit_desc;A massive animal pit for holding and displaying captured game, serving as both a food source and a symbol of tribal prowess.;;;;;x
equestrian_lodge;Equestrian Lodge;;;;;x
equestrian_lodge_desc;A grand lodge where tribal leaders and horsemasters gather, the center of cavalry might and equestrian tradition.;;;;;x
archer_training_fletchers_shelter;Fletchers' Shelter;;;;;x
archer_training_fletchers_shelter_desc;A sheltered workshop for bowyers and fletchers, producing superior arrows and bows for the tribes archers, and attracting skilled craftsmen.;;;;;x
tribal_hilltop_orchard;Hilltop Orchard;;;;;x
tribal_hilltop_orchard_desc;Terraced berry orchards crown the hills, yielding unmatched abundance and prestige. The tribes prosperity draws others from afar.;;;;;x
chiefs_hill_fort_hilltop;Chiefs Hill Fort;;;;;x
chiefs_hill_fort_hilltop_desc;A grand tribal fort at the hills summit, hosting the chief, his court, and loyal champions. The fort is the heart of tribal authority and a rallying point for warriors.;;;;;x
marketplace_stone_market_hall;Stone Market Hall;;;;;x
marketplace_stone_market_hall_desc;A grand hall built of stone, the seat of major fairs and trading contracts, with space for guards and storage.;;;;;x
chiefs_compound;Chiefs Compound;;;;;x
chiefs_compound_desc;Within the walls, the chiefs large compound is built, home to the leader and host to the tribal council. It is the political and administrative heart of the settlement, inspiring loyalty and unity.;;;;;x
desert_caravanserai;Desert Caravanserai;;;;;x
desert_caravanserai_desc;A vast stone caravanserai, serving as a hub for camel trade, tribal gatherings, and caravan mustering. Its bustling courtyards and strong walls anchor the tribes dominance in the desert.;;;;;x
chiefs_goatherd;Chiefs Goatherd;;;;;x
chiefs_goatherd_desc;The chieftains personal goatherd is now a prized institution, drawing skilled folk and reinforcing tribal unity through shared prosperity.;;;;;x
chiefs_refuge;Chiefs Refuge;;;;;x
chiefs_refuge_desc;A fortified residence carved into the mountain itself, home to the tribal chief and council, with reinforced defenses and ample space for honored guests and warriors.;;;;;x
community_palisade;Community Palisade;;;;;x
community_palisade_desc;A vast, interconnected palisade that encircles not just the chiefs fort, but the entire tribal community unifying all under one strong defense.;;;;;x
guarded_wharfhouse;Guarded Wharfhouse;;;;;x
guarded_wharfhouse_desc;A fortified wharfhouse with armed guards, controlling access and securing cargo and vessels.;;;;;x
hilltop_watchhouse;Hilltop Watchhouse;;;;;x
hilltop_watchhouse_desc;A two story stone watchhouse with arrow slits, permanent staff, and signal pyres, dominating the hills with swift warning and rapid mustering.;;;;;x
guarded_granary;Guarded Granary;;;;;x
guarded_granary_desc;A fortified granary with stone walls and stationed guards, ensuring the security of the tribes food stores even in times of siege or unrest.;;;;;x
weapon_crafters_forge;Weapon Crafters Forge;;;;;x
weapon_crafters_forge_desc;A legendary forge, famed for its masterful weapons. The warband enjoys superior arms, and smithing knowledge spreads through the tribe.;;;;;x
community_water_store;Community Water Store;;;;;x
community_water_store_desc;A large, multi chambered store for the entire tribe, with organized distribution and watchful keepers, strengthening unity and supply lines.;;;;;x
mountain_mining_ore_storehouse;Ore Storehouse;;;;;x
mountain_mining_ore_storehouse_desc;A large, stone walled storehouse for precious ores, improving security and allowing stockpiling for trade or war.;;;;;x
chiefs_granary;Chiefs Granary;;;;;x
chiefs_granary_desc;A vast, central stone granary overseen by the chiefs household, symbolizing authority and ensuring the tribes survival in lean years.;;;;;x
master_carpenters_yard;Master Carpenters Yard;;;;;x
master_carpenters_yard_desc;An impressive, organized yard run by a master carpenter, coordinating all projects, unlocking the full potential of tribal craft and defense.;;;;;x
jungle_longhouse;Jungle Longhouse;;;;;x
jungle_longhouse_desc;A monumental longhouse, raised high above the jungle, housing the entire warrior retinue and symbolizing tribal unity and strength.;;;;;x
arctic_community_warmhouse;Community Warmhouse;;;;;x
arctic_community_warmhouse_desc;A massive hall for the entire community to gather for warmth, feasts, and important tribal decisions, with multiple hearths and places for guests.;;;;;x
irrigation_reservoir;Irrigation Reservoir;;;;;x
irrigation_reservoir_desc;A monumental reservoir, built of earth and stone, ensures the tribes livestock and people never want for water, even in the harshest times.;;;;;x
steppe_chiefs_water_pavilion;Chiefs Water Pavilion;;;;;x
steppe_chiefs_water_pavilion_desc;A grand pavilion for the tribal chief is built by the well, serving as a social and administrative center. The prestige of the structure draws skilled retainers and warriors.;;;;;x
battle_council_hall;Battle Council Hall;;;;;x
battle_council_hall_desc;A fortified hall for war councils, its walls lined with war maps and its floors with armored guards.;;;;;x
steppe_chiefs_encampment;Chiefs Encampment;;;;;x
steppe_chiefs_encampment_desc;A central, guarded encampment for the tribal chief, with space for council, feasting, and command.;;;;;x
community_mountain_store;Community Mountain Store;;;;;x
community_mountain_store_desc;A vast, multi chambered storehouse maintained by the mountain folk for collective security, fostering unity and resilience.;;;;;x
breeders_shelter;Breeders Shelter;;;;;x
breeders_shelter_desc;A specialized enclosure for prized breeding stock, guarded and maintained by expert herdsmen, further improving herd quality and output.;;;;;x
earthen_curtain_wall;Earthen Curtain Wall;;;;;x
earthen_curtain_wall_desc;A high earthen rampart encircles the fort, topped with wooden palisades and platforms for archers, giving unmatched protection for a tribal holding.;;;;;x
arctic_community_ice_store;Community Ice Store;;;;;x
arctic_community_ice_store_desc;A vast, multi chambered underground icehouse maintained by the entire community, serving as the heart of arctic trade and sustenance.;;;;;x
horse_training_grounds;Horse Training Grounds;;;;;x
horse_training_grounds_desc;A wide, fenced area for training horses and riders, fostering discipline and martial skill.;;;;;x
guarded_scout_lodge;Guarded Scout Lodge;;;;;x
guarded_scout_lodge_desc;A fortified lodge for elite scouts. Offers protection, rapid mobilization, and a command hub for frontier defense.;;;;;x
community_granary;Community Granary;;;;;x
community_granary_desc;A vast granary maintained by the whole tribe, supporting feasts, large gatherings, and fostering unity in times of plenty.;;;;;x
guarded_shelterhouse;Guarded Shelterhouse;;;;;x
guarded_shelterhouse_desc;A central fortified building, housing warriors and chieftains, surrounded by reinforced barriers to provide ultimate security against any threat.;;;;;x
sentry_hut;Sentry Hut;;;;;x
sentry_hut_desc;A permanent guardhouse with sleeping quarters and supplies for a full contingent of sentries, ensuring constant vigilance over the herds and horizon.;;;;;x
stone_walled_corral;Stone Walled Corral;;;;;x
stone_walled_corral_desc;A vast enclosure built from dry laid stone walls, resistant to both animals and attackers, symbolizing the settlements prosperity and security.;;;;;x
community_garden;Community Garden;;;;;x
community_garden_desc;A sprawling, well tended garden shared by the entire tribe, providing abundance in food, unity, and a rallying place for the people.;;;;;x
farmers_bastion_farmlands;Farmers Bastion;;;;;x
farmers_bastion_farmlands_desc;A formidable stronghold for the farming community, with living quarters for defenders and storerooms for times of siege.;;;;;x
community_storehouse;Community Storehouse;;;;;x
community_storehouse_desc;A vast, expertly organized storehouse where every clan and family contributes and draws, reinforcing tribal bonds and readiness for hardship.;;;;;x
community_sheep_yard;Community Sheep Yard;;;;;x
community_sheep_yard_desc;A vast, communal yard for the entire tribes flocks, with corrals, shelters, and watchtowers, symbolizing unity and mutual defense in the hills.;;;;;x
mountain_cliff_watchpost_chiefs_watchhouse;Chiefs Watchhouse;;;;;x
chiefs_watchhouse_desc;A grand, fortified residence for the tribal chief and elite guards, commanding the mountain and its approaches.;;;;;x
chiefs_sun_lodge;Chiefs Sun Lodge;;;;;x
chiefs_sun_lodge_desc;A grand shaded residence for the tribes chief and retinue, combining cool halls, watch balconies, and audience chambers, symbolizing the unity and strength of the desert people.;;;;;x
dyeing_room;Dyeing Room;;;;;x
dyeing_room_desc;A specialized chamber for coloring leather, producing vibrant goods that impress traders and neighbors alike.;;;;;x
chiefs_sled_hall;Chiefs Sled Hall;;;;;x
chiefs_sled_hall_desc;Command hall for the tribes sledmasters, blending secure storage with a center of Arctic leadership and logistics.;;;;;x
arctic_chiefs_ice_house;Chiefs Ice House;;;;;x
arctic_chiefs_ice_house_desc;A grand frozen hall, built of stone and ice, where the chief oversees winter councils and feasts, symbolizing unity and authority.;;;;;x
tribal_community_grove;Community Grove;;;;;x
tribal_community_grove_desc;A sprawling grove with communal gathering spaces, markets, and training grounds heart of tribal life and unity.;;;;;x
medicinal_stillhouse;Medicinal Stillhouse;;;;;x
medicinal_stillhouse_desc;A specialized building for distilling herbal tinctures and extracts, supporting larger retinues and improving population growth.;;;;;x
marketplace_covered_bazaar;Covered Bazaar;;;;;x
marketplace_covered_bazaar_desc;A sprawling covered market with permanent stalls, attracting traders from distant lands and creating a center of prosperity.;;;;;x
chiefs_equine_hall;Chiefs Equine Hall;;;;;x
chiefs_equine_hall_desc;A grand wooden hall and adjacent stables, where the chieftains best horses and trainers gather for displays of prowess and authority.;;;;;x
bannered_encampment;Bannered Encampment;;;;;x
bannered_encampment_desc;A sprawling encampment marked by the banners of every allied clan, signaling unity and strength to all. Its presence inspires the warriors and impresses rivals and friends alike.;;;;;x
chiefs_quarry_hall;Chiefs Quarry Hall;;;;;x
chiefs_quarry_hall_desc;A commanding stone hall for the tribal chief, overseeing quarry operations and tribal gatherings. A symbol of strength and authority, it inspires loyalty and awe.;;;;;x
community_trap_house;Community Trap House;;;;;x
community_trap_house_desc;A sprawling communal building serving as the heart of jungle defense and planning, where the entire tribe gathers to organize patrols and craft the deadliest snares.;;;;;x
arctic_guarded_ice_house;Guarded Ice House;;;;;x
arctic_guarded_ice_house_desc;Reinforced ice houses with guard outposts and defensive watchmen, allowing for increased security and readiness.;;;;;x
tribal_council_bannered_council_hall;Bannered Council Hall;;;;;x
tribal_council_bannered_council_hall_desc;A grand assembly hall adorned with the banners of the tribe and its allies, inspiring unity and awe among all visitors.;;;;;x
guarded_fruit_house;Guarded Fruit House;;;;;x
guarded_fruit_house_desc;A fortified timber house stands at the center of the orchard, with guards drawn from among the tribe. Fruit stores are protected and surplus is traded with distant settlements.;;;;;x
farmlands_reservoir_pond;Reservoir Pond;;;;;x
farmlands_reservoir_pond_desc;A large, purpose built pond stores water for lean times, ensuring the fields never run dry and greatly increasing the tribes stability and manpower.;;;;;x
watchtower_bastion;Watchtower Bastion;;;;;x
watchtower_bastion_desc;Tall watchtowers rise above the walls, giving sentries a clear view of the surrounding desert. Early warnings and coordinated defense become possible, making surprise attacks rare.;;;;;x
breeders_stable;Breeders Stable;;;;;x
breeders_stable_desc;An elite complex for prized breeding stock, ensuring the tribes horses are renowned for strength and speed.;;;;;x
trackers_outpost;Trackers Outpost;;;;;x
trackers_outpost_desc;A fortified outpost for elite trackers, providing early warning for approaching threats and supporting large scale hunting expeditions.;;;;;x
archer_training_wooden_viewing_stand;Wooden Viewing Stand;;;;;x
archer_training_wooden_viewing_stand_desc;A timber stand for chieftains and elders to observe archery competitions and drills, boosting morale and inspiring competition among all warriors.;;;;;x
desert_oasis_well_cistern_shelter;Cistern Shelter;;;;;x
desert_oasis_well_cistern_shelter_desc;Deep stone cisterns with covered shelters ensure water for the entire tribe through droughts, granting unmatched security and prosperity.;;;;;x
community_grove;Community Grove;;;;;x
community_grove_desc;The palm grove is now a center of communal activity, with shared wells, workshops, and meeting areas. The oasis attracts new settlers and boosts clan ties.;;;;;x
chiefs_alpine_silo;Chiefs Alpine Silo;;;;;x
chiefs_alpine_silo_desc;A monumental stone and wood silo, symbol of authority and abundance, from which the chief distributes grain in times of hardship.;;;;;x
finished_goods_shed;Finished Goods Shed;;;;;x
finished_goods_shed_desc;A large, secure shed dedicated to storing crafted weapons, shields, and trade goods, enhancing both defense and prosperity.;;;;;x
hilltop_bastion_hilltop;Hilltop Bastion;;;;;x
hilltop_bastion_hilltop_desc;A mighty stronghold with towers, reinforced walls, and barracks for elite guards, the bastion dominates the high ground and expands the retinues reach.;;;;;x
chiefs_camel_lodge;Chiefs Camel Lodge;;;;;x
chiefs_camel_lodge_desc;A grand lodge for the chiefs prized camels, with ornate pens, expert handlers, and storage for exceptional supplies. The pride of the tribe and a symbol of power.;;;;;x
watered_livestock_run;Watered Livestock Run;;;;;x
watered_livestock_run_desc;An irrigated and protected grazing lane with watering troughs, enabling larger herds and improved livestock breeding.;;;;;x
breeders_lodge;Breeders Lodge;;;;;x
breeders_lodge_desc;Dedicated structures and expert herders maximize herd quality and output, making the tribe renowned for its goats.;;;;;x
walled_mountain_lodge;Walled Mountain Lodge;;;;;x
walled_mountain_lodge_desc;A formidable lodge surrounded by a dry stone wall and towers, serving as a military and social center for the entire tribe.;;;;;x
bannered_assembly;Bannered Assembly;;;;;x
bannered_assembly_desc;A vast hall draped in banners of conquest, where the tribes leaders rally their hosts and plot campaigns.;;;;;x
community_treehouse;Community Treehouse;;;;;x
community_treehouse_desc;A vast treehouse complex, woven between living branches, serving as a refuge and command post for the entire tribe.;;;;;x
mountain_mining_guarded_minehouse;Guarded Minehouse;;;;;x
mountain_mining_guarded_minehouse_desc;A fortified minehouse with watch posts and barracks, guarding both workers and precious ore from bandits and rivals.;;;;;x
hammer_hall;Hammer Hall;;;;;x
hammer_hall_desc;A grand hall echoing with the sound of many hammers, where master smiths direct apprentices in the forging of weapons for hundreds of warriors.;;;;;x
arctic_chiefs_hearth;Chiefs Hearth;;;;;x
arctic_chiefs_hearth_desc;A prestigious longhouse reserved for the tribal chief and his retinue, featuring a grand hearth, private chambers, and space for council meetings.;;;;;x
timber_granary;Timber Granary;;;;;x
timber_granary_desc;A large log structure with a stone base, the timber granary holds much of the alpine harvest and improves the security of mountain settlements.;;;;;x
chiefs_signal_hall;Chiefs Signal Hall;;;;;x
chiefs_signal_hall_desc;A grand, stone walled hall atop the hill, serving as both a command post and signal station, with space for the chiefs guard and council.;;;;;x
steppe_water_distribution_hut;Water Distribution Hut;;;;;x
steppe_water_distribution_hut_desc;A dedicated hut for managing water distribution increases the efficiency of the supply, fostering administrative skill and tribal cooperation.;;;;;x
chiefs_silo;Chiefs Silo;;;;;x
chiefs_silo_desc;A tall, imposing silo reserved for the chieftains stores, symbolizing authority and providing for the tribe in lean times.;;;;;x
chiefs_palmetto_fort;Chiefs Palmetto Fort;;;;;x
chiefs_palmetto_fort_desc;A centerpiece fortification for the tribal chieftain, featuring reinforced walls, a central keep, and defensive platforms, all in palmetto style.;;;;;x
guarded_grain_store;Guarded Grain Store;;;;;x
guarded_grain_store_desc;A heavily guarded granary with watch posts and palisade, reducing losses to raids and pests, and boosting local security.;;;;;x
anchorage_cove;Anchorage Cove;;;;;x
anchorage_cove_desc;A naturally sheltered anchorage, now improved with mooring posts and patrols, supporting larger fleets and commerce.;;;;;x
chiefs_rain_pavilion;Chiefs Rain Pavilion;;;;;x
chiefs_rain_pavilion_desc;A grand pavilion for the tribal chief, adorned and protected, serving as both a council hall and water command center.;;;;;x
ventilated_storehouse;Ventilated Storehouse;;;;;x
ventilated_storehouse_desc;A large, multi chambered granary with advanced ventilation, stone foundations, and wooden supports. Designed for maximum preservation and quick provisioning of armies.;;;;;x
guarded_gatehouse;Guarded Gatehouse;;;;;x
guarded_gatehouse_desc;A massive timber gatehouse, manned day and night, with murder holes and reinforced doors to resist even determined assaults.;;;;;x
distribution_basin;Distribution Basin;;;;;x
distribution_basin_desc;Vast stone lined basins regulate and store water, maximizing the reach of irrigation and sustaining large herds even in drought.;;;;;x
steppe_bannered_camp;Bannered Camp;;;;;x
steppe_bannered_camp_desc;A sprawling camp marked by clan banners, with improved organization and morale for warriors and families alike.;;;;;x
breeders_pavilion;Breeders Pavilion;;;;;x
breeders_pavilion_desc;A large tented structure for selecting and breeding the finest horses, managed by experienced herdsmen.;;;;;x
watered_livestock_run;Watered Livestock Run;;;;;x
watered_livestock_run_desc;A sprawling pasture system with wells and troughs, allowing continuous movement and grazing of herds, greatly increasing output.;;;;;x
observation_platform;Observation Platform;;;;;x
observation_platform_desc;A tall, sturdy platform commanding a wide view, staffed by expert spotters and archers, enabling excellent early warning.;;;;;x
chiefs_herb_hall;Chiefs Herb Hall;;;;;x
chiefs_herb_hall_desc;A grand timber hall at the gardens center, used for council, feasts, and storing the most precious herbs. Its prestige draws followers and strengthens the tribes heart.;;;;;x
mountain_mining_rock_crusher_hut;Rock Crusher Hut;;;;;x
mountain_mining_rock_crusher_hut_desc;A simple structure housing hand cranked crushers, breaking rocks into manageable ore and improving overall production.;;;;;x
arctic_chiefs_hide_pavilion;Chiefs Hide Pavilion;;;;;x
arctic_chiefs_hide_pavilion_desc;A grand communal structure where the chief oversees trade and diplomacy, inspiring loyalty and attracting talent from the tribe.;;;;;x
multi_layered_shelter;Multi Layered Shelter;;;;;x
multi_layered_shelter_desc;Several concentric layers of stone and timber, interspersed with sod and brush, create a nearly impenetrable bastion against wind and foes alike.;;;;;x
signal_pole;Signal Pole;;;;;x
signal_pole_desc;A tall pole for banners, fires, or smoke signals, this structure allows for rapid communication across the plains and swift mustering of forces.;;;;;x
guarded_corner_tower_farmlands;Guarded Corner Tower;;;;;x
guarded_corner_tower_farmlands_desc;Hefty stone towers at wall corners, garrisoned by experienced sentinels, enhancing the areas vigilance and coordinated defense.;;;;;x
chiefs_silo;Chiefs Silo;;;;;x
chiefs_silo_desc;A grand, towering silo at the heart of the settlement, symbolizing the chiefs stewardship and the unity of the tribes labor.;;;;;x
chiefs_sheep_hall;Chiefs Sheep Hall;;;;;x
chiefs_sheep_hall_desc;A grand wooden hall for the chief, surrounded by pens and storehouses, serving as both a seat of tribal authority and center for the largest flocks.;;;;;x
double_layer_wall_farmlands;Double Layer Wall;;;;;x
double_layer_wall_farmlands_desc;Two parallel stone walls, filled with rubble, rising higher and thicker to resist even determined raiders and wandering beasts.;;;;;x
mountain_cliff_watchpost_observation_tower;Observation Tower;;;;;x
observation_tower_desc;A tall, stone built tower with sighting slits, providing unmatched visibility and command of the surrounding cliffs.;;;;;x
stretched_hide_hall;Stretched Hide Hall;;;;;x
stretched_hide_hall_desc;A large hall for stretching and drying many hides at once, increasing both military and economic output for the tribe.;;;;;x
insulated_shelterhouse;Insulated Shelterhouse;;;;;x
insulated_shelterhouse_desc;An expertly crafted hall, its thick stone and mudbrick insulating against the most punishing desert heat. The shelterhouse is a sign of growing tribal mastery over the environment.;;;;;x
arctic_ventilated_snow_shelter;Ventilated Snow Shelter;;;;;x
arctic_ventilated_snow_shelter_desc;Sophisticated snow shelters with smoke vents and communal spaces, drastically improving population health and military coordination.;;;;;x
marketplace_counting_booth;Counting Booth;;;;;x
marketplace_counting_booth_desc;A fortified booth for tallying coin and keeping records, ensuring fair trade and supporting ambitious market undertakings.;;;;;x
insulated_sled_store;Insulated Sled Store;;;;;x
insulated_sled_store_desc;A double walled, well insulated storehouse, keeping sleds and provisions in prime condition for extended campaigns.;;;;;x
community_yurt;Community Yurt;;;;;x
community_yurt_desc;A large yurt complex for public gatherings, feasts, and the arbitration of disputes. This structure cements the tribal center and enhances internal cohesion and administration.;;;;;x
hay_storage_hut;Hay Storage Hut;;;;;x
hay_storage_hut_desc;Simple storage huts for hay and fodder, ensuring the herds survival through the harshest winters.;;;;;x
stone_smithy;Stone Smithy;;;;;x
stone_smithy_desc;A permanent stone building with a vented chimney and stone forge, enabling the production of superior arms and armor for a growing warband.;;;;;x
toolmakers_hut;Toolmakers Hut;;;;;x
toolmakers_hut_desc;A specialized hut for crafting and repairing advanced tools, increasing the tribes efficiency in warfare and construction.;;;;;x
root_cellar;Root Cellar;;;;;x
root_cellar_desc;A stone lined root cellar stores medicinal roots and plants, ensuring a steady supply for seasons of need and improving overall health and stability.;;;;;x
chiefs_trap_lodge;Chiefs Trap Lodge;;;;;x
chiefs_trap_lodge_desc;An imposing timber lodge reserved for the tribal chief and elite trapmakers, its perimeter bristling with deadly mechanisms and its interior bustling with command activity.;;;;;x
stone_storehouse;Stone Storehouse;;;;;x
stone_storehouse_desc;A large stone structure for storing high quality blocks and quarried stone, protected from the elements and thieves. The tribes capacity for construction and defense soars.;;;;;x
double_layer_rampart;Double Layer Rampart;;;;;x
double_layer_rampart_desc;A second wall rises behind the first, creating a layered defense that can weather even determined assaults. The settlement is now a true stronghold among the sands.;;;;;x
tribal_chiefs_berry_hall;Chiefs Berry Hall;;;;;x
tribal_chiefs_berry_hall_desc;A grand wooden hall rises over the grove, serving as the seat of the tribal chief, a center of authority and decision making.;;;;;x
breeders_circle;Breeders Circle;;;;;x
breeders_circle_desc;A fenced circle and corral, with dedicated pens and skilled hands selecting and breeding the finest steppe horses.;;;;;x
tribal_council_scribes_alcove;Scribes Alcove;;;;;x
tribal_council_scribes_alcove_desc;A chamber for scribes and records, improving administration and tribal memory, and attracting learned courtiers.;;;;;x
hay_storage_pavilion;Hay Storage Pavilion;;;;;x
hay_storage_pavilion_desc;A spacious structure for storing fodder, ensuring herd survival through harsh steppe winters and enabling sustained population growth.;;;;;x
archer_training_sharpshooter_lane;Sharpshooter Lane;;;;;x
archer_training_sharpshooter_lane_desc;A dedicated, long distance range for the most skilled archers. Here, advanced drills and competitions hone deadly precision and morale.;;;;;x
stone_floored_stalls;Stone Floored Stalls;;;;;x
stone_floored_stalls_desc;Permanent stone floored stalls for the largest and finest horses, protecting valuable mounts from disease and theft.;;;;;x
fruit_storage_hut;Fruit Storage Hut;;;;;x
fruit_storage_hut_desc;A thatched hut is erected for storing harvested fruit, protected from weather and pests. This enables the tribe to trade fruit and survive lean seasons, while more hands are drawn to settle nearby.;;;;;x
mountain_cliff_watchpost_guarded_cliff_tower;Guarded Cliff Tower;;;;;x
guarded_cliff_tower_desc;A sturdy stone tower built into the crag, manned by seasoned lookouts and archers for superior mountain defense.;;;;;x
arctic_root_cellar;Root Cellar;;;;;x
arctic_root_cellar_desc;A deep, insulated cellar dug beneath the permafrost, storing catches and supplies for the entire clan.;;;;;x
stone_orchard_wall;Stone Orchard Wall;;;;;x
stone_orchard_wall_desc;The orchard is now encircled by a sturdy stone wall, protecting fruit trees and storage from bandits and wild beasts. The settlements prestige grows, attracting new families to work and defend the groves.;;;;;x
arctic_stone_fishing_house;Stone Fishing House;;;;;x
arctic_stone_fishing_house_desc;A permanent stone structure by the frozen lake, with smoke vents for curing fish and a gathering space for the fishing folk.;;;;;x
stone_sled_house;Stone Sled House;;;;;x
stone_sled_house_desc;A robust stone building with thick walls, safeguarding sleds and supplies from blizzards and raiders alike.;;;;;x
guarded_water_house;Guarded Water House;;;;;x
guarded_water_house_desc;A fortified structure with guards and watch posts, ensuring the safety of water supplies and acting as a rallying point in times of threat.;;;;;x
log_bastion;Log Bastion;;;;;x
log_bastion_desc;Multi layered wooden walls, with bastions at key points, offering platforms for archers and better protection for defenders.;;;;;x
rock_shelter_granary;Rock Shelter Granary;;;;;x
rock_shelter_granary_desc;A granary built beneath overhanging cliffs and reinforced with stone and timber, allowing for immense storage and protection in the highest valleys.;;;;;x
breeders_stable_desert;DesertBreeders Stable;;;;;x
breeders_stable_desert_desc;A specialized stable complex for camel breeding, increasing herd numbers and quality, and supporting a large contingent of camel riders for the tribe.;;;;;x
arctic_ventilated_hearth_room;Ventilated Hearth Room;;;;;x
arctic_ventilated_hearth_room_desc;A more advanced hearth house with stone or wood walls, smoke vents, and a central fire, providing greater comfort and allowing longer gatherings indoors.;;;;;x
central_hearth_yurt;Central Hearth Yurt;;;;;x
central_hearth_yurt_desc;A large yurt with a communal central hearth, fostering social cohesion and providing a gathering place for the extended family and trusted warriors. Its warmth and organization facilitate larger tribal gatherings.;;;;;x
bamboo_greenhouse;Bamboo Greenhouse;;;;;x
bamboo_greenhouse_desc;A large bamboo framed greenhouse covered with woven fronds, allowing more exotic and valuable crops to grow, further boosting resources and prestige.;;;;;x
reinforced_quarry;Reinforced Quarry;;;;;x
reinforced_quarry_desc;The pit is reinforced with stone retaining walls and scaffolds. Greater efficiency, safety, and output allow for larger garrisons and the beginnings of surplus storage.;;;;;x
sluice_gate;Sluice Gate;;;;;x
sluice_gate_desc;Basic wooden or stone gates fitted to irrigation channels, allowing precise control of water distribution and reducing flood risk.;;;;;x
watchpost_stand;Watchpost Stand;;;;;x
watchpost_stand_desc;Sturdy watchtowers of palmetto wood rise above the fence line, giving sentries clear views of the jungle and advance warning of threats.;;;;;x
guarded_palm_house;Guarded Palm House;;;;;x
guarded_palm_house_desc;A sturdy, fortified building with watch posts and a palisade, serving as both supply depot and refuge for the groves caretakers.;;;;;x
farmlands_distribution_weir;Distribution Weir;;;;;x
farmlands_distribution_weir_desc;A stone weir divides and manages water flow across the entire farmland, maximizing agricultural returns and supporting impressive tribal musters.;;;;;x
bamboo_platform_house;Bamboo Platform House;;;;;x
bamboo_platform_house_desc;An expansive house on sturdy bamboo platforms, supporting multiple families and storing supplies.;;;;;x
watchpost_stand_hilltop;Watchpost Stand;;;;;x
watchpost_stand_hilltop_desc;Timber watchposts rise above the walls, providing sentries with a commanding view and warning of oncoming threats before they reach the gates.;;;;;x
mounted_practice_ring;Mounted Practice Ring;;;;;x
mounted_practice_ring_desc;A fenced enclosure with hurdles and dummies for mounted combat drills and cavalry games, fostering skill and competition.;;;;;x
desert_oasis_well_reservoir_basin;Reservoir Basin;;;;;x
desert_oasis_well_reservoir_basin_desc;A clay lined reservoir stores excess water, supporting large gatherings and allowing for the growth of the oasis into a thriving hub.;;;;;x
guarded_stone_house;Guarded Stone House;;;;;x
guarded_stone_house_desc;A defensible house with watch posts and a small retinue barracks, marking the start of organized tribal defense in the mountains.;;;;;x
double_layer_wall_hilltop;Double Layer Wall;;;;;x
double_layer_wall_hilltop_desc;Twin rings of palisade and stone create a daunting defensive circuit, forcing besiegers to fight through multiple barriers under a hail of arrows.;;;;;x
farmlands_simple_sluice_gate;Simple Sluice Gate;;;;;x
farmlands_simple_sluice_gate_desc;A rudimentary wooden gate to control water flow, allowing for greater agricultural planning and increasing the tribes prestige as masters of their land.;;;;;x
weapon_vault;Weapon Vault;;;;;x
weapon_vault_desc;A secure underground vault for storing the tribes best weapons and armor, accessible only to trusted warriors.;;;;;x
stone_quay;Stone Quay;;;;;x
stone_quay_desc;A solid stone quay, allowing for year round docking and improved trade opportunities.;;;;;x
marketplace_weighing_house;Weighing House;;;;;x
marketplace_weighing_house_desc;A permanent structure for weighing and storing goods, improving trust in transactions and enabling larger scale trade.;;;;;x
guarded_grainhouse;Guarded Grainhouse;;;;;x
guarded_grainhouse_desc;A large, stone walled grainhouse attended by guards, ensuring only the tribe and its allies benefit from the harvest.;;;;;x
steppe_reservoir_basin;Reservoir Basin;;;;;x
steppe_reservoir_basin_desc;A large earthen and clay lined reservoir stores excess water, supporting larger gatherings and more animals. Its scale makes the site a focal point for the steppe tribe.;;;;;x
guarded_entry_gate;Guarded Entry Gate;;;;;x
guarded_entry_gate_desc;A fortified gateway with a watchful guard rotation, restricting entry and providing a strong point for defense and tribal administration.;;;;;x
guarded_goat_house;Guarded Goat House;;;;;x
guarded_goat_house_desc;A fortified goat house with watch platforms and sturdy fences, deterring thieves and wild beasts alike.;;;;;x
double_beacon_tower;Double Beacon Tower;;;;;x
double_beacon_tower_desc;Two reinforced stone and timber towers with an enclosed walkway, enabling continuous signaling and a larger, better equipped garrison.;;;;;x
stone_millhouse;Stone Millhouse;;;;;x
stone_millhouse_desc;A fortified stone built millhouse, resistant to fire and theft, with advanced gears and improved output.;;;;;x
covered_catchment_shed;Covered Catchment Shed;;;;;x
covered_catchment_shed_desc;A roofed shed with layered catchment surfaces allows efficient water collection, safe storage, and year round access.;;;;;x
thatched_granary;Thatched Granary;;;;;x
thatched_granary_desc;A sizable granary with timber walls and a thatched roof, allowing for much larger reserves and supporting a thriving retinue. Symbol of a settled and prosperous tribe.;;;;;x
rat_proof_cellar;Rat Proof Cellar;;;;;x
rat_proof_cellar_desc;A deep, stone lined cellar with sealed entryways, nearly impervious to pests. Greatly extends grain longevity, supporting vast levies and a larger court.;;;;;x
raised_grain_bin;Raised Grain Bin;;;;;x
raised_grain_bin_desc;Wooden bins built atop stone piers, keeping food stores safe from snowmelt and rodents an innovation of determined mountain folk.;;;;;x
double_palisade;Double Palisade;;;;;x
double_palisade_desc;Two concentric rings of palisades with a fighting platform between them, drastically increasing defensive depth and troop capacity.;;;;;x
chiefs_stilt_pavilion;Chiefs Stilt Pavilion;;;;;x
chiefs_stilt_pavilion_desc;A grand stilted residence for the tribal chief, with defensive walkways and a commanding view for leadership and musters.;;;;;x
hound_kennel;Hound Kennel;;;;;x
hound_kennel_desc;A robust kennel complex for breeding and training hunting hounds, greatly increasing the efficiency and prestige of tribal hunts.;;;;;x
metalworkers_shed;Metalworkers Shed;;;;;x
metalworkers_shed_desc;Multiple forges and skilled hands fill this shed, where complex metalwork is undertaken and the tribes arsenal is greatly expanded.;;;;;x
water_wheel;Water Wheel;;;;;x
water_wheel_desc;Large wooden water wheels lift and direct water with mechanical power, expanding irrigation to new heights and fueling the tribes prosperity.;;;;;x
steppe_guarded_camp_hut;Guarded Camp Hut;;;;;x
steppe_guarded_camp_hut_desc;A fortified hut for the camps guards and scouts, improving security and readiness for raids or sudden movements.;;;;;x
guarded_garden;Guarded Garden;;;;;x
guarded_garden_desc;A fortified garden with palisades and guard posts, protecting valuable crops and serving as a rally point for warriors. The heart of the communitys agricultural and defensive efforts.;;;;;x
desert_oasis_well_bucket_pulley_stand;Bucket Pulley Stand;;;;;x
desert_oasis_well_bucket_pulley_stand_desc;A simple but effective pulley system now aids in hauling water, supporting a larger population and attracting traders and travelers.;;;;;x
arctic_guarded_fire_hall;Guarded Fire Hall;;;;;x
arctic_guarded_fire_hall_desc;A fortified timber or stone hall centered around a great hearth, with guards posted to defend the warmth within from man and beast alike.;;;;;x
stone_windbreak;Stone Windbreak;;;;;x
stone_windbreak_desc;Low, thick walls of stone are masterfully set to block the never ending wind, greatly increasing both comfort and defensive readiness.;;;;;x
reinforced_farm_wall_farmlands;Reinforced Farm Wall;;;;;x
reinforced_farm_wall_farmlands_desc;Farm walls rebuilt with quarried stone and buttresses, supporting heavier defense and larger guards.;;;;;x
breeders_fold;Breeders Fold;;;;;x
breeders_fold_desc;A center for skilled breeders and select rams, producing stronger flocks, larger gatherings, and attracting ambitious shepherds and warriors to the hill tribe.;;;;;x
watering_point;Watering Point;;;;;x
watering_point_desc;Wells and troughs providing reliable water for large herds, increasing the number and health of horses.;;;;;x
mountain_mining_ore_sorting_shed;Ore Sorting Shed;;;;;x
mountain_mining_ore_sorting_shed_desc;A sturdy hut for separating ore from stone, increasing efficiency and providing shelter for miners.;;;;;x
steppe_supply_lean_to;Supply Lean to;;;;;x
steppe_supply_lean_to_desc;A semi permanent lean to for storing supplies, fodder, and trade goods, helping sustain the tribe during long migrations.;;;;;x
hay_storage_shed;Hay Storage Shed;;;;;x
hay_storage_shed_desc;A broad, well built shed for keeping fodder and hay dry through the seasons, supporting much larger herds and improving animal health.;;;;;x
runners_hut;Runners Hut;;;;;x
runners_hut_desc;A well built hut for seasoned runners, providing a base for long range scouts and rapid response to threats.;;;;;x
mountain_mining_stone_smelter;Stone Smelter;;;;;x
mountain_mining_stone_smelter_desc;A primitive stone furnace for smelting ore on site, drastically increasing the value of extracted resources and providing for local armaments.;;;;;x
arctic_insulated_storage_shed;Insulated Storage Shed;;;;;x
arctic_insulated_storage_shed_desc;A well insulated shed utilizing advanced building techniques and sealskin layers, enabling the stockpiling of goods through the harshest winters.;;;;;x
windshield_tower;Windshield Tower;;;;;x
windshield_tower_desc;A sturdy wooden tower, shielded with woven panels to protect sentries from harsh steppe winds, allows for long range signaling and improved coordination.;;;;;x
rat_proof_cellar;Rat Proof Cellar;;;;;x
rat_proof_cellar_desc;Deep stone lined cellars, sealed and watched, keep the harvest secure through the hardest seasons and provide a reserve in famine.;;;;;x
mountain_cliff_watchpost_signal_fire_post;Signal Fire Post;;;;;x
signal_fire_post_desc;A reinforced signaling station with multiple fire pits and an expanded garrison, ensuring rapid warning to all valleys.;;;;;x
guarded_herding_hut;Guarded Herding Hut;;;;;x
guarded_herding_hut_desc;A fortified herdsmens hut, surrounded by thorn barriers and manned by armed guards to deter raiders and wild beasts.;;;;;x
chimneyed_shelter;Chimneyed Shelter;;;;;x
chimneyed_shelter_desc;A more advanced shelter with a stone chimney and central hearth, improving comfort, morale, and readiness of the inhabitants.;;;;;x
guarded_lookout;Guarded Lookout;;;;;x
guarded_lookout_desc;A fortified wooden outpost, manned by seasoned sentries and ringed by earthworks, forms the first line of warning against danger on the steppe.;;;;;x
guarded_field_gate_farmlands;Guarded Field Gate;;;;;x
guarded_field_gate_farmlands_desc;A solid timber and stone gatehouse at key entrances, manned by local watchmen and reinforcing the walls presence.;;;;;x
hay_storage_hut;Hay Storage Hut;;;;;x
hay_storage_hut_desc;A dedicated hut for storing hay and fodder ensures the flocks survival through lean months, supporting greater numbers and reliability.;;;;;x
scraping_bench;Scraping Bench;;;;;x
scraping_bench_desc;A sturdy wooden bench for dehairing and preparing hides, boosting both productivity and speed.;;;;;x
boat_shelter;Boat Shelter;;;;;x
boat_shelter_desc;A covered slipway for boats, protecting valuable vessels from the elements and allowing for rapid launches.;;;;;x
stone_shadehouse;Stone Shadehouse;;;;;x
stone_shadehouse_desc;A permanent stone structure with open arches, providing cool shade and a rallying point for the tribal community.;;;;;x
arctic_ice_brick_house;Ice Brick House;;;;;x
arctic_ice_brick_house_desc;Houses built from carefully shaped ice bricks, providing sturdier, longer lasting shelter and the beginnings of proper defensive capability.;;;;;x
fruit_drying_hut;Fruit Drying Hut;;;;;x
fruit_drying_hut_desc;Simple mudbrick huts for drying and storing dates allow for surplus production and basic trade with nearby tribes.;;;;;x
planing_hall;Planing Hall;;;;;x
planing_hall_desc;A covered hall with advanced benches and tools, where fine woodwork is done for weapons, fortifications, and tribal prestige.;;;;;x
ventilated_rest_hall;Ventilated Rest Hall;;;;;x
ventilated_rest_hall_desc;A large, well ventilated hall with thick walls and shaded courtyards, providing safe communal rest and planning for the tribes leaders and warriors.;;;;;x
archer_training_instructors_hut;Instructors Hut;;;;;x
archer_training_instructors_hut_desc;A permanent hut for a veteran archer or drillmaster, who oversees training and instills discipline, raising the standard of archery throughout the tribe.;;;;;x
ventilated_storage;Ventilated Storage;;;;;x
ventilated_storage_desc;A large, well ventilated barn with slatted walls, reducing spoilage and supporting the needs of a growing settlement.;;;;;x
leatherworkers_table;Leatherworkers Table;;;;;x
leatherworkers_table_desc;A craftsmans table for shaping, cutting, and finishing leather goods, supporting the creation of armor and equipment.;;;;;x
hand_operated_grinder;Hand Operated Grinder;;;;;x
hand_operated_grinder_desc;A larger communal grinding station with multiple rotary querns, allowing for faster processing and better food security.;;;;;x
hay_storage_hut;Hay Storage Hut;;;;;x
hay_storage_hut_desc;A dedicated hut for storing fodder through harsh winters, ensuring the goats (and their keepers) survive the cold.;;;;;x
horse_training_ring;Horse Training Ring;;;;;x
horse_training_ring_desc;A fenced arena for training and breaking horses, improving cavalry readiness and discipline.;;;;;x
drying_loft;Drying Loft;;;;;x
drying_loft_desc;A dedicated loft for drying and preserving herbs in bulk, boosting the settlements capacity to heal and recover.;;;;;x
guarded_entrance;Guarded Entrance;;;;;x
guarded_entrance_desc;A reinforced gateway with simple watch platforms, ensuring that all who enter the tribal grounds are observed and challenged if needed.;;;;;x
timber_wind_shelter;Timber Wind Shelter;;;;;x
timber_wind_shelter_desc;Sturdy timber palisades and windbreaks, offering safety, warmth, and a rallying point for the tribes defenders.;;;;;x
guarded_beacon_house;Guarded Beacon House;;;;;x
guarded_beacon_house_desc;A fortified wooden house with a lookout post, able to shelter a small garrison and store supplies for prolonged watches.;;;;;x
charcoal_kiln;Charcoal Kiln;;;;;x
charcoal_kiln_desc;A dedicated kiln produces high quality charcoal, allowing the smith to forge stronger weapons and tools. The local warriors gain improved equipment.;;;;;x
arctic_stone_smokehouse;Stone Smokehouse;;;;;x
arctic_stone_smokehouse_desc;A rudimentary stone building where skins and meat are smoked for durability, increasing trade value and attracting more workers.;;;;;x
champions_chamber;Champions Chamber;;;;;x
champions_chamber_desc;A large, decorated chamber reserved for the tribes greatest warriors and their retainers, lined with banners and trophies.;;;;;x
guarded_sled_pavilion;Guarded Sled Pavilion;;;;;x
guarded_sled_pavilion_desc;A large, partially fortified pavilion for sleds, guarded day and night. Enables swift deployment and rapid response in Arctic conditions.;;;;;x
tribal_guarded_grove;Guarded Grove;;;;;x
tribal_guarded_grove_desc;The berry groves are now watched by armed sentinels and wooden watchposts, safeguarding the tribes bounty and assembling warriors.;;;;;x
stone_capped_wall;Stone Capped Wall;;;;;x
stone_capped_wall_desc;Hard gathered stones are set along the top of the mudbrick walls, providing significantly improved protection against siege and fire. A symbol of a tribe with resources and ambition.;;;;;x
marketplace_goods_exchange;Goods Exchange;;;;;x
marketplace_goods_exchange_desc;A bustling hub with tallymen and scribes, the Goods Exchange formalizes barter and trade, drawing merchants from afar.;;;;;x
simple_glass_frame;Simple Glass Frame;;;;;x
simple_glass_frame_desc;A crude glass frame allows tender herbs to thrive, even in colder seasons, improving overall garden output.;;;;;x
arctic_insulated_snow_lodge;Insulated Snow Lodge;;;;;x
arctic_insulated_snow_lodge_desc;Large, insulated snow lodges with layered construction, boosting morale and allowing for larger gatherings and planning.;;;;;x
grazing_track;Grazing Track;;;;;x
grazing_track_desc;Designated grazing circuits and paths improve herd health and support larger numbers.;;;;;x
guarded_stable;Guarded Stable;;;;;x
guarded_stable_desc;A fortified stable with night watch and fenced paddocks, protecting valuable horses and supporting larger cavalry retinues.;;;;;x
guarded_stonehouse;Guarded Stonehouse;;;;;x
guarded_stonehouse_desc;A defensive building at the quarrys edge shelters valuable workers and stores, with guards posted to deter thieves and raiders. The tribes prestige grows with its stonecraft.;;;;;x
feeding_shed;Feeding Shed;;;;;x
feeding_shed_desc;A permanent feeding shed and grain store ensures camels are well fed and healthy, supporting a large and ready herd for tribal needs.;;;;;x
chiefs_pavilion;Chiefs Pavilion;;;;;x
chiefs_pavilion_desc;A grand, ornately decorated tent at the heart of the camp, serving as the seat of leadership and a symbol of tribal unity. The Chiefs Pavilion commands respect and provides space for council.;;;;;x
tribal_council_stone_assembly_house;Stone Assembly House;;;;;x
tribal_council_stone_assembly_house_desc;The first permanent stone structure for council gatherings, providing security and a symbol of enduring authority.;;;;;x
mountain_cliff_watchpost_walled_watchpost;Walled Watchpost;;;;;x
walled_watchpost_desc;A fortified enclosure of timber and stone, with a small wall to protect defenders from missile fire and the elements.;;;;;x
steppe_bucket_pulley_stand;Bucket Pulley Stand;;;;;x
steppe_bucket_pulley_stand_desc;A wooden pulley system allows for easier water extraction, enabling the growth of livestock herds and attracting more families to the tribes camp.;;;;;x
reed_trap_house;Reed Trap House;;;;;x
reed_trap_house_desc;A large house of hardened reeds, hosting skilled trappers and apprentices. Boasts reinforced defenses and a small store of advanced traps.;;;;;x
arctic_insulated_fish_hut;Insulated Fish Hut;;;;;x
arctic_insulated_fish_hut_desc;A wooden hut lined with furs and moss, allowing fishing throughout the frozen months and better storage for preserved fish.;;;;;x
watchtower_rampart;Watchtower Rampart;;;;;x
watchtower_rampart_desc;Simple wooden watchtowers stand at intervals along the palisade, allowing sentries to spot threats and direct defenders.;;;;;x
stone_backed_wall_hilltop;Stone Backed Wall;;;;;x
stone_backed_wall_hilltop_desc;A timber palisade reinforced with a low stone wall, providing greater resistance to fire and siege weaponry, while impressing visiting chieftains.;;;;;x
covered_cutting_hut;Covered Cutting Hut;;;;;x
covered_cutting_hut_desc;A sturdy shelter for stonecutters and masons, improving working conditions and output. Skilled workers can now prepare blocks for both construction and defense.;;;;;x
trapmakers_cabin;Trapmakers Cabin;;;;;x
trapmakers_cabin_desc;A cabin for skilled trappers to craft snares and traps, increasing the effectiveness of organized hunts.;;;;;x
waxed_hide_shelter;Waxed Hide Shelter;;;;;x
waxed_hide_shelter_desc;A shelter of waxed hides stretched over a timber frame, providing superior insulation and storage capacity for sleds and supplies.;;;;;x
pruning_shed;Pruning Shed;;;;;x
pruning_shed_desc;A simple timber shed is built to store tools and provide shelter for those tending the orchard. Tribal elders teach pruning methods, further increasing productivity and the value of the land.;;;;;x
tribal_council_speakers_platform;Speakers Platform;;;;;x
tribal_council_speakers_platform_desc;A raised wooden platform dominates the hall, projecting the voice of the speaker and reinforcing leadership.;;;;;x
guarded_trapmakers_hut;Guarded Trapmakers Hut;;;;;x
guarded_trapmakers_hut_desc;A fortified hut guarded by seasoned jungle sentinels and surrounded by layers of cunning traps and alarms, acting as the core of the trapmakers community.;;;;;x
stone_granary_farmlands;Farmland Stone Granary;;;;;x
stone_granary_farmlands_desc;Permanent stone granaries safeguard stores against vermin, fire, and the elements, providing the foundation for prosperity and security.;;;;;x
sun_dried_brick_rampart;Sun Dried Brick Rampart;;;;;x
sun_dried_brick_rampart_desc;A rampart of sun dried bricks, higher and broader, offers greatly increased protection. It is the mark of a growing and organized tribe able to defend its holdings more fiercely.;;;;;x
arctic_guarded_fish_store;Guarded Fish Store;;;;;x
arctic_guarded_fish_store_desc;A fortified fish store with watch posts and barricades, protecting valuable food supplies from raiders and wildlife.;;;;;x
marketplace_merchants_pavilion;Merchants Pavilion;;;;;x
marketplace_merchants_pavilion_desc;A large, decorated pavilion at the markets heart serves as a venue for major trade, feasts, and negotiations between tribes.;;;;;x
stone_water_tank;Stone Water Tank;;;;;x
stone_water_tank_desc;A large, expertly crafted stone cistern, providing reliable supply and security for the settlement during droughts and sieges.;;;;;x
farmlands_wooden_flume;Wooden Flume;;;;;x
farmlands_wooden_flume_desc;Crafted wooden troughs elevate and direct water over uneven terrain, enabling farmlands to flourish at the tribes command and supporting larger retinues.;;;;;x
guarded_sheepfold;Guarded Sheepfold;;;;;x
guarded_sheepfold_desc;A fortified livestock enclosure with raised watch platforms and rotating guards, deterring raiders and boosting herd safety.;;;;;x
covered_seed_shelter;Covered Seed Shelter;;;;;x
covered_seed_shelter_desc;A basic shelter for storing seeds and seedlings, protecting them from the jungles dampness and pests and increasing garden productivity and stability.;;;;;x
wood_framed_yurt;Wood Framed Yurt;;;;;x
wood_framed_yurt_desc;A sophisticated yurt built on a strong wooden frame, offering increased durability and the ability to shelter larger groups. This structure marks a communitys growing permanence and prosperity.;;;;;x
covered_training_yard;Covered Training Yard;;;;;x
covered_training_yard_desc;A wooden awning and windbreaks protect horses and riders from the steppes harshest weather, allowing year round training.;;;;;x
tribal_stone_berry_house;Stone Berry House;;;;;x
tribal_stone_berry_house_desc;A sturdy stone structure used to store and process berries, offering protection and organization for the growing settlement.;;;;;x
arctic_insulated_hearth_house;Insulated Hearth House;;;;;x
arctic_insulated_hearth_house_desc;A small, enclosed structure built around the hearth, insulated with turf or skins to shield from the cold and foster communal warmth.;;;;;x
hidden_cache;Hidden Cache;;;;;x
hidden_cache_desc;Secret stores of supplies and equipment, allowing scouts to stay in the field for longer and respond swiftly to threats.;;;;;x
thatched_raised_hut;Thatched Raised Hut;;;;;x
thatched_raised_hut_desc;A larger, better constructed hut with thatched roofing, raised high for safety and visibility.;;;;;x
bamboo_pipe_channel;Bamboo Pipe Channel;;;;;x
bamboo_pipe_channel_desc;Hollowed bamboo pipes direct rainwater across the settlement, greatly improving water access and supply logistics.;;;;;x
joiners_bench;Joiners Bench;;;;;x
joiners_bench_desc;A sturdy bench where skilled joiners assemble wagons, shields, and basic siege parts, laying the groundwork for future craftsmanship.;;;;;x
double_layer_fence;Double Layer Fence;;;;;x
double_layer_fence_desc;Twin rows of palmetto and bamboo, with a bramble filled trench in between, provide a formidable deterrent to would be assailants.;;;;;x
guarded_camel_house;Guarded Camel House;;;;;x
guarded_camel_house_desc;A fortified camel house, with night watchmen and sturdy walls, ensuring the tribes most valuable animals are always secure and prepared for war or travel.;;;;;x
wooden_flume;Wooden Flume;;;;;x
wooden_flume_desc;Elevated wooden flumes carry water above ground over obstacles, supporting more distant pastures and expanding the tribes reach.;;;;;x
beehive_shelter;Beehive Shelter;;;;;x
beehive_shelter_desc;Stone and wood shelters are built for beehives among the orchards, attracting skilled gatherers and increasing both pollination and honey yields. The orchard becomes a center of local sustenance and modest trade.;;;;;x
water_trough_enclosure;Water Trough Enclosure;;;;;x
water_trough_enclosure_desc;A secure enclosure with crafted troughs and a small well, ensuring horses are well watered and healthy.;;;;;x
water_powered_mill;Water Powered Mill;;;;;x
water_powered_mill_desc;A wooden watermill harnessing a stream to power large millstones, enabling rapid grain processing and supporting a growing population.;;;;;x
branching_canal;Branching Canal;;;;;x
branching_canal_desc;A network of branching canals reaches far across the plains, creating a web of irrigated pasture and supporting a swelling tribal population.;;;;;x
guarded_raised_house;Guarded Raised House;;;;;x
guarded_raised_house_desc;A fortified, multi level house with platforms for guards and archers, watching over the jungle approaches.;;;;;x
raised_storage_rack;Raised Storage Rack;;;;;x
raised_storage_rack_desc;Granaries built on timber stilts with ladders, deterring pests and flooding. Enables larger gatherings and better management of surplus, boosting tribe stability.;;;;;x
stone_grainhouse;Stone Grainhouse;;;;;x
stone_grainhouse_desc;A solid stone granary with lockable doors and improved ventilation. A major investment that significantly reduces spoilage and secures provisions for long campaigns.;;;;;x
fish_drying_rack;Fish Drying Rack;;;;;x
fish_drying_rack_desc;Extensive racks for drying and preserving fish, improving food stores and economic activity.;;;;;x
stone_roof_house;Stone Roof House;;;;;x
stone_roof_house_desc;A permanent stone dwelling with a solid roof, offering real protection from sieges and weather, and serving as a rallying point for the tribe.;;;;;x
mountain_pasture;Mountain Pasture;;;;;x
mountain_pasture_desc;Highland grazing grounds are cleared and maintained, greatly boosting herd numbers and the prestige of the tribe.;;;;;x
guarded_sheep_house;Guarded Sheep House;;;;;x
guarded_sheep_house_desc;A large, guarded structure combining stone and timber, with watchmen to deter thieves and wolves, supporting a much greater flock and providing a rally point for tribesmen.;;;;;x
guarded_storehouse;Guarded Storehouse;;;;;x
guarded_storehouse_desc;A fortified storehouse with wooden palisades and watch posts, ensuring the safety of grain and supplies from raiders and avalanches alike.;;;;;x
moated_defenses;Moated Defenses;;;;;x
moated_defenses_desc;A broad ditch or moat surrounds the palisade, filled when possible, impeding attackers and increasing the settlements prestige.;;;;;x
farmlands_branching_canals;Branching Canals;;;;;x
farmlands_branching_canals_desc;An intricate network of branching canals spreads water to even the most distant fields, supporting a thriving, populous tribe.;;;;;x
storage_pavilion;Storage Pavilion;;;;;x
storage_pavilion_desc;A large tented structure with timber supports stores vast quantities of dates and supplies. This organized storage attracts merchants and increases local prosperity.;;;;;x
ventilated_cave_store;Ventilated Cave Store;;;;;x
ventilated_cave_store_desc;A natural cave adapted for storage, featuring crude air vents to keep grain dry and secure from pests and mountain damp.;;;;;x
steppe_covered_wagon_stand;Covered Wagon Stand;;;;;x
steppe_covered_wagon_stand_desc;A gathering of covered wagons arranged defensively, both home and transport, vital for mobility and security on the open steppe.;;;;;x
steppe_guarded_well_shed;Guarded Well Shed;;;;;x
steppe_guarded_well_shed_desc;A fortified and guarded shed protects the well from sabotage and theft. The presence of guards increases security and attracts warriors seeking stable water supplies.;;;;;x
stone_granary;Stone Granary;;;;;x
stone_granary_desc;A defensible granary of mortared stone with reinforced doors, protecting the tribes harvest from fire and raiders.;;;;;x
bellows_workshop;Bellows Workshop;;;;;x
bellows_workshop_desc;A specialized workshop with advanced bellows for higher forge temperatures, allowing mass production and the outfitting of large retinues.;;;;;x
desert_oasis_well_guarded_well_house;Guarded Well House;;;;;x
desert_oasis_well_guarded_well_house_desc;A solid structure with a watchful guard deters thieves and raiders, making the well a secure resource for the growing settlement.;;;;;x
mountain_mining_reinforced_tunnel;Reinforced Tunnel;;;;;x
mountain_mining_reinforced_tunnel_desc;Stone and timber reinforcements enable safer, deeper mining and provide space for storing tools and ore.;;;;;x
arctic_guarded_skin_house;Guarded Skin House;;;;;x
arctic_guarded_skin_house_desc;A fortified log structure with watch posts for guards, deterring raiders and increasing the security of valuable goods.;;;;;x
stone_watchpost_farmlands;Stone Watchpost;;;;;x
stone_watchpost_farmlands_desc;Tall stone watchposts rise at intervals, giving advance warning of bandits and bolstering the local levy.;;;;;x
desert_oasis_well_covered_oasis_well;Covered Oasis Well;;;;;x
desert_oasis_well_covered_oasis_well_desc;A timber and hide cover now protects the water from sandstorms and animals. More efficient for the growing camp, it increases the wells utility and security.;;;;;x
covered_watchpoint;Covered Watchpoint;;;;;x
covered_watchpoint_desc;A fortified and camouflaged outpost, allowing scouts to observe and report enemy movements with minimal risk.;;;;;x
palisade_cattle_yard;Palisade Cattle Yard;;;;;x
palisade_cattle_yard_desc;A large yard surrounded by a timber palisade, guarded by armed herders. It can house substantial livestock and helps secure the settlement.;;;;;x
tethering_yard;Tethering Yard;;;;;x
tethering_yard_desc;A sprawling yard for tethering and sorting horses, with rudimentary fencing and night guards.;;;;;x
irrigated_tree_line;Irrigated Tree Line;;;;;x
irrigated_tree_line_desc;Palm trees line carefully maintained irrigation ditches, improving both yield and local security. The settlement becomes a landmark in the desert.;;;;;x
net_hanging_shed;Net Hanging Shed;;;;;x
net_hanging_shed_desc;A simple wooden structure for drying and repairing nets, improving local organization and food supply.;;;;;x
dry_stone_hut;Dry Stone Hut;;;;;x
dry_stone_hut_desc;A round hut of tightly packed dry stone, resisting harsh winds and increasing the number of people the shelter can support.;;;;;x
raised_watchpost;Raised Watchpost;;;;;x
raised_watchpost_desc;A timber watchpost overlooking the herding grounds, staffed by lookouts to guard the livestock and warn of danger.;;;;;x
stone_walled_fold;Stone Walled Fold;;;;;x
stone_walled_fold_desc;Dry laid stone walls, built by hand, create strong pens that deter rustlers and wild beasts, and stand for generations.;;;;;x
reed_observation_hut;Reed Observation Hut;;;;;x
reed_observation_hut_desc;A small hut, woven from local reeds and perched atop a palisade, shelters lookouts from the winds and sun, offering a comfortable post for extended watches.;;;;;x
mountain_cliff_watchpost_beacon_hut;Beacon Hut;;;;;x
beacon_hut_desc;A defensible hut with a beacon fire atop the cliff, able to quickly signal the tribe in times of danger.;;;;;x
salt_soaking_shed;Salt Soaking Shed;;;;;x
salt_soaking_shed_desc;A small shed for preserving hides in brine, improving output and efficiency for the tanners efforts.;;;;;x
mortared_boundary_farmlands;Mortared Boundary;;;;;x
mortared_boundary_farmlands_desc;Stone walls set with rough mortar, offering greater durability and some deterrence to thieves and raiders.;;;;;x
archer_training_reinforced_butts;Reinforced Butts;;;;;x
archer_training_reinforced_butts_desc;Sturdy earthen and timber butts are installed behind targets, enabling intensive practice with stronger bows and minimizing wasted arrows.;;;;;x
canvas_pavilion;Canvas Pavilion;;;;;x
canvas_pavilion_desc;Large, sturdy tents of traded canvas provide a gathering place for the tribe and extra shade for resting warriors and elders.;;;;;x
limehouse;Limehouse;;;;;x
limehouse_desc;A dedicated structure for lime treatment, allowing advanced hide processing and higher quality leather production.;;;;;x
rodent_proof_shed;Rodent Proof Shed;;;;;x
rodent_proof_shed_desc;A carefully designed storage shed with elevated floors, tight walls, and stone footings, highly resistant to rodents and pests.;;;;;x
arctic_packed_snow_house;Packed Snow House;;;;;x
arctic_packed_snow_house_desc;Densely packed snow houses, built with improved insulation and simple communal spaces, foster greater tribal cohesion.;;;;;x
guarded_grainhouse;Guarded Grainhouse;;;;;x
guarded_grainhouse_desc;A fortified grainhouse, watched by trusted warriors, deters thieves and ensures the tribes stores are safe from both man and beast.;;;;;x
grooms_shed;Grooms Shed;;;;;x
grooms_shed_desc;A dedicated shelter for grooms and stableworkers, improving care and training for horses.;;;;;x
guarded_gatehouse_hilltop;Guarded Gatehouse;;;;;x
guarded_gatehouse_hilltop_desc;A robust gatehouse with reinforced doors and guardrooms, controlling access to the hilltop and projecting authority over the countryside.;;;;;x
simple_millhouse;Simple Millhouse;;;;;x
simple_millhouse_desc;A basic hut with a small hand mill, allowing villagers to grind grain into coarse meal for the tribe.;;;;;x
workshop_annex;Workshop Annex;;;;;x
workshop_annex_desc;A walled extension to the main yard, supporting a growing workforce and facilitating larger tribal projects and repairs.;;;;;x
fur_storage_shed;Fur Storage Shed;;;;;x
fur_storage_shed_desc;A secure and insulated shed for storing valuable furs and pelts before trade or crafting, encouraging prosperity and boosting local morale.;;;;;x
stone_walled_yard;Stone Walled Yard;;;;;x
stone_walled_yard_desc;A well built stone yard, with separate spaces for kids and milking, increases herd efficiency and safety.;;;;;x
reinforced_palmetto_wall;Reinforced Palmetto Wall;;;;;x
reinforced_palmetto_wall_desc;Thick palmetto trunks and bamboo are lashed and layered for a dense, imposing wall difficult to breach even for determined attackers.;;;;;x
warrior_lodge;Warrior Lodge;;;;;x
warrior_lodge_desc;A well built lodge where the most trusted warriors reside, boasting minor fortifications and armament racks.;;;;;x
guarded_shelter;Guarded Shelter;;;;;x
guarded_shelter_desc;With sentries and shaded watch posts, this shelter protects both people and supplies from desert raiders.;;;;;x
steppe_covered_steppe_well;Covered Steppe Well;;;;;x
steppe_covered_steppe_well_desc;The well now features a wooden cover and a basic shelter, protecting the water from dust and animals, and improving the health and stability of the settlement.;;;;;x
covered_beacon_tower;Covered Beacon Tower;;;;;x
covered_beacon_tower_desc;A simple wooden tower with a roofed platform, providing improved visibility and shelter for the signal keepers.;;;;;x
arctic_covered_hide_shelter;Covered Hide Shelter;;;;;x
arctic_covered_hide_shelter_desc;A semi permanent shelter of hides and driftwood, offering protection to stores and workers from arctic storms.;;;;;x
tribal_council_carved_seat_room;Carved Seat Room;;;;;x
tribal_council_carved_seat_room_desc;A wooden structure with hand carved seats for elders and notables, enhancing the authority and prestige of the council.;;;;;x
watering_ditch;Watering Ditch;;;;;x
watering_ditch_desc;A hand dug ditch brings fresh water to the garden, improving plant yields and allowing for more diverse crops.;;;;;x
timber_smith_hut;Timber Smith Hut;;;;;x
timber_smith_hut_desc;A sturdier hut built of timber and packed earth, with a stone hearth for more consistent forging. The smiths presence begins to attract aspiring apprentices.;;;;;x
earthwork_windwall;Earthwork Windwall;;;;;x
earthwork_windwall_desc;Engineered mounds and ditches, reinforced with timber, create a formidable windbreak and a rudimentary defensive structure.;;;;;x
covered_herb_house;Covered Herb House;;;;;x
covered_herb_house_desc;A timber framed, thatched structure for year round herb cultivation; enables greater medicinal supplies and improves the settlements resilience.;;;;;x
water_trough_shelter;Water Trough Shelter;;;;;x
water_trough_shelter_desc;Covered troughs and shaded shelters allow more camels to thrive, improving herd health and readiness for war or travel.;;;;;x
farmlands_stone_lined_canal;Stone Lined Canal;;;;;x
farmlands_stone_lined_canal_desc;Stones reinforce and stabilize the waterway, preventing collapse and expanding the irrigated area, strengthening agricultural output and tribal manpower.;;;;;x
stone_sorting_shed;Stone Sorting Shed;;;;;x
stone_sorting_shed_desc;A rough wooden shed provides cover for sorting stone by quality and size, increasing labor efficiency and supplying better materials for tribal projects.;;;;;x
timber_walled_herding_pen;Timber Walled Herding Pen;;;;;x
timber_walled_herding_pen_desc;A heavy wooden pen with rough hewn timber walls, allowing for a larger and more secure herd.;;;;;x
mountain_cliff_watchpost_timber_watch_platform;Timber Watch Platform;;;;;x
timber_watch_platform_desc;A simple wooden platform lashed atop the rocks, allowing more effective spotting of intruders and wild beasts.;;;;;x
arctic_ice_block_shelter;Ice Block Shelter;;;;;x
arctic_ice_block_shelter_desc;Roughly hewn blocks of ice form a sturdier enclosure, offering greater shelter for fishing and storing catches.;;;;;x
reinforced_palisade;Reinforced Palisade;;;;;x
reinforced_palisade_desc;Thicker, taller palisades with interlocking logs and additional bracing, making them far more difficult to breach.;;;;;x
game_smokehouse;Game Smokehouse;;;;;x
game_smokehouse_desc;A dedicated building for smoking meat, allowing for preservation of large game and supporting longer expeditions.;;;;;x
covered_sled_shed;Covered Sled Shed;;;;;x
covered_sled_shed_desc;A simple wooden shed that shields sleds from harsh weather, improving equipment preservation and troop readiness.;;;;;x
bamboo_trap_workshop;Bamboo Trap Workshop;;;;;x
bamboo_trap_workshop_desc;A more permanent structure of split bamboo, with a dedicated workspace for crafting elaborate jungle snares and defensive mechanisms.;;;;;x
reinforced_rampart_hilltop;Reinforced Rampart;;;;;x
reinforced_rampart_hilltop_desc;Earthen embankments and timber reinforcements increase the hilltops defensibility, making it more challenging for attackers to breach.;;;;;x
raised_tree_beds;Raised Tree Beds;;;;;x
raised_tree_beds_desc;The orchard trees now grow in carefully constructed raised beds, improving drainage and boosting fruit yields. Tribal workers tend the beds and clear new ground, with surplus fruit shared among the people.;;;;;x
hay_roofed_barn;Hay Roofed Barn;;;;;x
hay_roofed_barn_desc;A sturdier barn with a hay insulated roof, providing better protection for breeding stock and valuable horses.;;;;;x
guarded_family_yurt;Guarded Family Yurt;;;;;x
guarded_family_yurt_desc;A fortified yurt encampment with a perimeter of watchful guards. The chieftains kin and closest retainers reside here, protected by loyal warriors. Prestige and security for the entire tribe.;;;;;x
marketplace_timber_market_shelter;Timber Market Shelter;;;;;x
marketplace_timber_market_shelter_desc;A sturdier timber framed shelter covers the market square, offering better security for merchants and attracting more distant traders.;;;;;x
reinforced_mudbrick_wall;Reinforced Mudbrick Wall;;;;;x
reinforced_mudbrick_wall_desc;Mudbricks, reinforced with straw and timber supports, form a sturdy bulwark against raiders and the harsh desert winds. These walls make the settlement notably harder to assail.;;;;;x
ventilated_storehouse;Ventilated Storehouse;;;;;x
ventilated_storehouse_desc;Raised wooden structures with slatted walls allow airflow and reduce spoilage, ensuring a steadier food supply for the growing tribe.;;;;;x
wattle_floored_shelter;Wattle Floored Shelter;;;;;x
wattle_floored_shelter_desc;A shelter with woven wattle floors and walls, elevated for airflow and keeping out vermin.;;;;;x
covered_feed_yard;Covered Feed Yard;;;;;x
covered_feed_yard_desc;An improved yard with partial roofing and better fencing, allowing for larger herds and reducing losses from weather or theft.;;;;;x
timber_water_rack;Timber Water Rack;;;;;x
timber_water_rack_desc;Sturdy timber racks allow for elevated water storage, keeping supplies safe from animals and contamination.;;;;;x
timber_framed_track;Timber Framed Track;;;;;x
timber_framed_track_desc;Rough hewn timber posts outline a larger, more permanent course, suitable for group drills and speed training.;;;;;x
raised_plant_beds;Raised Plant Beds;;;;;x
raised_plant_beds_desc;Simple wooden frames elevate the garden beds above the jungle floor, improving yields and providing plants better protection from pests and flooding.;;;;;x
stone_lined_ditch;Stone Lined Ditch;;;;;x
stone_lined_ditch_desc;Laboriously laid stone linings reinforce the ditches, minimizing collapse and allowing increased water flow for larger herds.;;;;;x
arctic_stone_lined_hearth;Stone Lined Hearth;;;;;x
arctic_stone_lined_hearth_desc;A permanent fire pit lined with stones, offering improved heat retention and a focal point for the tribal camp.;;;;;x
signal_fire_post;Signal Fire Post;;;;;x
signal_fire_post_desc;A watch post equipped with fire beacons for swift warning of approaching threats, bolstering rapid mobilization.;;;;;x
felt_covered_yurt;Felt Covered Yurt;;;;;x
felt_covered_yurt_desc;An improved yurt featuring thick felt coverings, protecting inhabitants against harsh steppe winters and increasing overall clan resilience.;;;;;x
tribal_covered_berry_shelter;Covered Berry Shelter;;;;;x
tribal_covered_berry_shelter_desc;Simple wooden shelters protect berry beds from the elements, allowing year round gathering and more frequent tribal meetings.;;;;;x
carpenters_lean_to;Carpenters Lean to;;;;;x
carpenters_lean_to_desc;A makeshift lean to where tribe members craft beams, tools, and basic implements, enabling more efficient labor and repairs.;;;;;x
timber_grain_shed;Timber Grain Shed;;;;;x
timber_grain_shed_desc;A sturdy shed of wooden planks with basic ventilation, protecting food supplies from animals and rain. Supports growth and better provisioning for the tribe.;;;;;x
covered_pen;Covered Pen;;;;;x
covered_pen_desc;A broad, roofed enclosure for camels, keeping the herd safe from sandstorms and heat. The pen is watched by dedicated handlers, improving discipline and readiness.;;;;;x
covered_stilt_hall;Covered Stilt Hall;;;;;x
covered_stilt_hall_desc;A communal hall with a roofed gathering space, raised on heavy stilts, serving as a center for tribal defense and council.;;;;;x
desert_oasis_well_stone_ringed_well;Stone Ringed Well;;;;;x
desert_oasis_well_stone_ringed_well_desc;Encircled by carefully placed stones, this well resists collapse and keeps water cleaner for longer, drawing more people to settle nearby.;;;;;x
timber_jetty;Timber Jetty;;;;;x
timber_jetty_desc;A sturdy wooden jetty, allowing for more boats and improved loading of goods and warriors.;;;;;x
steppe_rope_framed_shelter;Rope Framed Shelter;;;;;x
steppe_rope_framed_shelter_desc;A sturdier construction using ropes and poles, offering improved protection and space for larger families or supplies.;;;;;x
timber_sheep_shed;Timber Sheep Shed;;;;;x
timber_sheep_shed_desc;A roofed timber shed offers shelter from storms and predators, making sheepkeeping more efficient and reliable.;;;;;x
stone_walled_cellar;Stone Walled Cellar;;;;;x
stone_walled_cellar_desc;A rough but sturdy cellar lined with mountain stones, providing improved grain storage and shelter for supplies.;;;;;x
timber_herding_yard;Timber Herding Yard;;;;;x
timber_herding_yard_desc;A sturdy wooden yard with reinforced gates, allowing for larger herds and a more organized approach to animal husbandry.;;;;;x
mountain_mining_timber_framed_shaft;Timber Framed Shaft;;;;;x
mountain_mining_timber_framed_shaft_desc;Timber supports allow deeper access into the mountain, increasing ore yield and providing modest shelter for workers.;;;;;x
steppe_stone_ringed_well;Stone Ringed Well;;;;;x
steppe_stone_ringed_well_desc;A dug well lined with stones to prevent collapse and contamination, making water collection easier and safer for the tribe.;;;;;x
mudbrick_lean_to;Mudbrick Lean to;;;;;x
mudbrick_lean_to_desc;Rudimentary mudbrick walls offer improved protection from heat and wind. Tribal members can now rest and plan in relative comfort.;;;;;x
raised_palisade_stand;Raised Palisade Stand;;;;;x
raised_palisade_stand_desc;A ring of sharpened logs with a sturdy wooden stand provides improved defense and a commanding view, enabling watchmen to rally the clan quickly.;;;;;x
tribal_council_reed_mat_chamber;Reed Mat Chamber;;;;;x
tribal_council_reed_mat_chamber_desc;A large, covered chamber lined with woven reed mats for comfort, allowing councils to meet in poor weather.;;;;;x
arctic_snowdrift_leanto;Snowdrift Lean to;;;;;x
arctic_snowdrift_leanto_desc;Makeshift lean tos braced against snowdrifts, used to house more people and supplies during the harsh winter.;;;;;x
rough_field_wall_farmlands;Rough Field Wall;;;;;x
rough_field_wall_farmlands_desc;A more deliberate arrangement of stones, forming low walls that better define property and provide shelter for livestock and people.;;;;;x
archer_training_covered_practice_yard;Covered Practice Yard;;;;;x
archer_training_covered_practice_yard_desc;A wooden awning and fence offer some protection from the elements, allowing more frequent and organized archery practice regardless of weather.;;;;;x
stone_slab_shelter;Stone Slab Shelter;;;;;x
stone_slab_shelter_desc;A sturdier shelter constructed from large flat stones, offering improved defense against mountain weather and threats.;;;;;x
raised_timber_store;Raised Timber Store;;;;;x
raised_timber_store_desc;A timber platform and shed, raised above ground to avoid moisture and vermin, allowing grain to be stored in larger quantities for longer.;;;;;x
woven_palm_barrier;Woven Palm Barrier;;;;;x
woven_palm_barrier_desc;A more intricate arrangement of palm fronds and bamboo, woven tightly to create a flexible but surprisingly resilient barrier around the tribal camp.;;;;;x
covered_tannery;Covered Tannery;;;;;x
covered_tannery_desc;A simple shelter with a roof, protecting tanning work from rain and sun, allowing for longer work seasons.;;;;;x
palm_sapling_grove;Palm Sapling Grove;;;;;x
palm_sapling_grove_desc;With several years of growth, palm saplings now dot the landscape. Simple irrigation channels are dug, improving the health of the grove.;;;;;x
reinforced_great_hall;Reinforced Great Hall;;;;;x
reinforced_great_hall_desc;A sturdier structure of timber and earthen mounds, serving as the heart of tribal gatherings and defense.;;;;;x
raised_winnowing_loft;Raised Winnowing Loft;;;;;x
raised_winnowing_loft_desc;A sturdy wooden loft raised above the ground to catch the wind for effective winnowing and drying, protecting grain from pests and rot.;;;;;x
timber_goat_shed;Timber Goat Shed;;;;;x
timber_goat_shed_desc;A simple shelter built of logs offers improved care for the growing herd.;;;;;x
stone_signal_cairn;Stone Signal Cairn;;;;;x
stone_signal_cairn_desc;A ring of stones and a piled cairn, with a more permanent fire basket for all weather signaling and basic shelter for sentries.;;;;;x
raised_herb_beds;Raised Herb Beds;;;;;x
raised_herb_beds_desc;Timber framed, raised beds allow more careful cultivation and protection of valuable medicinal plants.;;;;;x
arctic_raised_skin_rack;Raised Skin Rack;;;;;x
arctic_raised_skin_rack_desc;Simple wooden racks, raised above the snow, keep valuable hides dry and away from pests.;;;;;x
layered_sod_barrier;Layered Sod Barrier;;;;;x
layered_sod_barrier_desc;Earth and sod are stacked into thick, insulated walls that blunt the force of the wind and provide modest defensive value.;;;;;x
covered_anvil;Covered Anvil;;;;;x
covered_anvil_desc;A basic timber shelter covers the smiths anvil, providing modest protection from the elements and allowing steadier work on weapons and armor.;;;;;x
timber_framed_dig;Timber Framed Dig;;;;;x
timber_framed_dig_desc;Crude timber supports shore up expanded pits, allowing for deeper and safer stone extraction. More organized labor yields additional resources.;;;;;x
mudbrick_pen;Mudbrick Pen;;;;;x
mudbrick_pen_desc;Simple mudbrick walls provide reliable shelter, keeping camels safe from predators and the elements, and making herd expansion possible.;;;;;x
mountain_cliff_watchpost_stacked_stone_stand;Stacked Stone Stand;;;;;x
stacked_stone_stand_desc;An improved platform of stacked stones, offering a steadier vantage point and basic shelter for sentries.;;;;;x
raised_timber_rack;Raised Timber Rack;;;;;x
raised_timber_rack_desc;A sturdier rack built from timber, keeping sleds dry and ready. Supports a slightly larger operation.;;;;;x
farmlands_clay_lined_ditch;Clay Lined Ditch;;;;;x
farmlands_clay_lined_ditch_desc;Lined with clay to reduce seepage, these ditches show a growing understanding of irrigation, boosting both yield and the ability to support more warriors.;;;;;x
dugout_stockade;Dugout Stockade;;;;;x
dugout_stockade_desc;Partially sunken palisades, reinforced with shallow ditches and earthworks to provide better cover for defenders.;;;;;x
skinning_shelter;Skinning Shelter;;;;;x
skinning_shelter_desc;A covered workspace for processing hides and butchering game, improving efficiency for hunting parties.;;;;;x
timber_grain_shed;Timber Grain Shed;;;;;x
timber_grain_shed_desc;Simple sheds of timber and thatch offer improved storage against weather and spoilage, enabling larger harvests to be kept safe over winter.;;;;;x
post_and_rail_enclosure;Post and Rail Enclosure;;;;;x
post_and_rail_enclosure_desc;A sturdier pen of upright posts and rails, offering better protection for livestock and horses.;;;;;x
clay_lined_channel;Clay Lined Channel;;;;;x
clay_lined_channel_desc;Channel ditches lined with packed clay, reducing water loss and making irrigation more reliable. A more durable improvement for early pastoral communities.;;;;;x
arctic_covered_fire_hole;Covered Fire Hole;;;;;x
arctic_covered_fire_hole_desc;A snow pit reinforced with animal hides or planks to contain heat and protect the fire from the harsh arctic winds.;;;;;x
rope_training_circle;Rope Training Circle;;;;;x
rope_training_circle_desc;Stakes and ropes mark a crude circuit, allowing more controlled horse breaking and basic riding drills.;;;;;x
fenced_fruit_grove;Fenced Fruit Grove;;;;;x
fenced_fruit_grove_desc;A crude wooden fence now surrounds the growing orchard, keeping out wildlife and marking the tribes labor. More saplings are planted, and fruit is gathered for food and barter.;;;;;x
simple_barn;Simple Barn;;;;;x
simple_barn_desc;A small timber barn with a thatched roof, providing shelter for livestock and modest storage for feed and hay.;;;;;x
timber_sheds;Timber Sheds;;;;;x
timber_sheds_desc;Crude wooden sheds shelter seasoned logs, allowing for larger reserve stockpiles and supporting both construction and armament efforts.;;;;;x
packed_mud_wall;Packed Mud Wall;;;;;x
packed_mud_wall_desc;Packed earth and mud are shaped and dried into solid defensive walls, providing a modest improvement in protection and a clear sign of settlement.;;;;;x
timber_stilt_hut;Timber Stilt Hut;;;;;x
timber_stilt_hut_desc;A sturdier hut raised on timber stilts, providing better shelter and some protection from wildlife.;;;;;x
clay_rain_barrel;Clay Rain Barrel;;;;;x
clay_rain_barrel_desc;Hand shaped clay barrels collect and store rainwater, improving supply and sanitation for the growing tribe.;;;;;x
reed_mat_yurt;Reed Mat Yurt;;;;;x
reed_mat_yurt_desc;A portable yurt constructed with woven reed mats, providing better insulation and comfort for nomadic families. Allows for larger households to settle.;;;;;x
marketplace_canvas_stall_row;Canvas Stall Row;;;;;x
marketplace_canvas_stall_row_desc;A row of simple market stalls made from canvas and wood, providing shelter for traders and encouraging regular gatherings.;;;;;x
timber_palisade_hilltop;Timber Palisade;;;;;x
timber_palisade_hilltop_desc;Sharpened logs form a basic defensive wall encircling the hilltop, providing modest protection and a sense of security for the settlement.;;;;;x
tribal_raised_berry_beds;Raised Berry Beds;;;;;x
tribal_raised_berry_beds_desc;Wooden frames lift berry bushes off the damp ground, increasing yields and supporting larger tribal groups.;;;;;x
covered_trap_shed;Covered Trap Shed;;;;;x
covered_trap_shed_desc;A sturdier jungle hut with a roof of woven leaves, housing improved trap making tools and supplies, and offering shelter for several trappers.;;;;;x
messengers_lean_to;Messengers Lean to;;;;;x
messengers_lean_to_desc;A secluded shelter for swift footed messengers, aiding rapid communication and coordination.;;;;;x
fenced_herb_plot;Fenced Herb Plot;;;;;x
fenced_herb_plot_desc;A handful of hardy jungle herbs are cultivated in small fenced beds, offering improved resources and small defensive value for the settlement.;;;;;x
timber_stable;Timber Stable;;;;;x
timber_stable_desc;A wooden stable for housing horses, with crude stalls and a thatched roof, offering basic shelter from the elements.;;;;;x
arctic_snowbank_fishing_stand;Snowbank Fishing Stand;;;;;x
arctic_snowbank_fishing_stand_desc;A makeshift snowbank shelter built to protect fishers from the wind while they wait for a catch.;;;;;x
wicker_grain_bin;Wicker Grain Bin;;;;;x
wicker_grain_bin_desc;Wickerwork grain bins raised above the ground to reduce spoilage. Early attempts at organized storage, slightly improving food security and morale.;;;;;x
desert_oasis_well_reed_lined_well;Reed Lined Well;;;;;x
desert_oasis_well_reed_lined_well_desc;Strengthened with woven reeds and primitive coverings, this well provides slightly cleaner water and better protection from sand and debris.;;;;;x
bamboo_palisade;Bamboo Palisade;;;;;x
bamboo_palisade_desc;Sharpened bamboo stalks are lashed together, forming a sturdier palisade that helps deter raiders and fierce beasts from the settlement.;;;;;x
timber_platform;Timber Platform;;;;;x
timber_platform_desc;A raised timber platform allows better visibility over the vast grasslands, letting sentinels spot distant threats or wandering herds.;;;;;x
covered_threshing_shed;Covered Threshing Shed;;;;;x
covered_threshing_shed_desc;A wooden shelter protecting the threshing floor from rain and wind, improving efficiency and reducing grain loss.;;;;;x
arctic_ice_block_shelter;Ice Block Shelter;;;;;x
arctic_ice_block_shelter_desc;Crude walls of stacked ice blocks ward off the worst of the wind, offering a modest step up in comfort and security.;;;;;x
archer_training_simple_archery_range;Simple Archery Range;;;;;x
archer_training_simple_archery_range_desc;A row of basic straw targets set at varying distances, encouraging improved discipline and group training amongst the tribes archers.;;;;;x
stacked_rock_pen;Stacked Rock Pen;;;;;x
stacked_rock_pen_desc;Rough stone walls improve the enclosure, better protecting goats from predators and the elements.;;;;;x
timber_longhouse;Timber Longhouse;;;;;x
timber_longhouse_desc;A basic wooden longhouse, offering shelter for the tribes warriors and a communal space for decision making.;;;;;x
wattle_fold;Wattle Fold;;;;;x
wattle_fold_desc;A sturdier pen woven from willow withies and wooden stakes, improving the security and organization of hill sheep farming.;;;;;x
tribal_council_timber_bench_hall;Timber Bench Hall;;;;;x
tribal_council_timber_bench_hall_desc;A crude shelter of timber and earth with simple benches, offering a more organized setting for tribal meetings and minor gatherings.;;;;;x
palm_frond_shelter;Palm Frond Shelter;;;;;x
palm_frond_shelter_desc;Palm fronds woven together to create larger and more resilient shade, allowing tribal gatherings and rest in the sun baked sands.;;;;;x
wattle_corral;Wattle Corral;;;;;x
wattle_corral_desc;A corral of woven branches and rough timber, offering improved containment for herds and a stronger presence on the frontier.;;;;;x
steppe_reed_lined_well;Reed Lined Well;;;;;x
steppe_reed_lined_well_desc;A shallow well reinforced with woven reeds and mud, improving water purity and supply for the camp. Attracts more retainers and enables basic livestock husbandry.;;;;;x
pit_tanning_vat;Pit Tanning Vat;;;;;x
pit_tanning_vat_desc;A shallow pit lined with clay, filled with water and bark for tanning hides on a small scale.;;;;;x
muddy_dock;Muddy Dock;;;;;x
muddy_dock_desc;A makeshift earthen dock reinforced with driftwood, offering basic mooring for fishing craft and small raiding boats.;;;;;x
steppe_reed_tent;Reed Tent;;;;;x
steppe_reed_tent_desc;Simple tents woven from river reeds, providing basic shelter for nomadic families on the move.;;;;;x
earthen_pit_store_mountain;Mountain Earthen Pit Store;;;;;x
earthen_pit_store_mountain_desc;A shallow, covered pit dug into the mountain earth, used by early settlers to store surplus grain and keep it cool on the frontier.;;;;;x
timber_signal_post;Timber Signal Post;;;;;x
timber_signal_post_desc;A sturdier timber structure allowing more visible fire signals, with a rough platform for lookouts to scan distant valleys.;;;;;x
stacked_stone_leanto;Stacked Stone Lean to;;;;;x
stacked_stone_leanto_desc;A basic lean to built from loose stones and timber, providing slightly increased shelter and space for the growing tribe.;;;;;x
fenced_palm_stand;Fenced Palm Stand;;;;;x
fenced_palm_stand_desc;A crude fence of sticks and brush surrounds larger young trees, protecting them from wild animals and drifting sand. The grove begins to grow.;;;;;x
stone_pile_fence_farmlands;Stone Pile Fence;;;;;x
stone_pile_fence_farmlands_desc;A crude barrier of gathered fieldstones marking farmland boundaries, offering minimal protection and a sense of ownership.;;;;;x
wicker_grain_bin;Wicker Grain Bin;;;;;x
wicker_grain_bin_desc;A sturdy bin of woven wicker, raised off the ground, keeping stored grain safer from damp and animals than simple baskets.;;;;;x
arctic_ice_lined_store;Ice Lined Store;;;;;x
arctic_ice_lined_store_desc;A reinforced pit lined with blocks of ice and animal skins for longer term preservation of trade goods and food.;;;;;x
mountain_mining_shallow_dig;Shallow Dig;;;;;x
mountain_mining_shallow_dig_desc;A humble mining site, consisting of hastily dug pits and earthworks, where miners use basic tools to scavenge exposed ore near the mountain surface.;;;;;x
fenced_garden;Fenced Garden;;;;;x
fenced_garden_desc;A basic garden, surrounded by woven fencing to keep out animals, with improved organization of herb beds.;;;;;x
open_hearth_forge;Open Hearth Forge;;;;;x
open_hearth_forge_desc;A simple smithy, little more than a pit and a makeshift hearth, where basic tools and weapons are crudely forged over open flame.;;;;;x
reed_fence;Reed Fence;;;;;x
reed_fence_desc;Sturdy woven fences made from local reeds, providing improved wind protection for the settlements dwellings and livestock.;;;;;x
wattle_camel_yard;Wattle Camel Yard;;;;;x
wattle_camel_yard_desc;Rough wattle fencing defines a sturdier camel yard, giving better protection and allowing a small herd to be kept under watch.;;;;;x
shallow_quarry_pit;Shallow Quarry Pit;;;;;x
shallow_quarry_pit_desc;A primitive, hand dug pit, the earliest effort to extract stone from the hills. Little shelter or organization, but a starting point for future expansion.;;;;;x
wattle_pen;Wattle Pen;;;;;x
wattle_pen_desc;A sturdier enclosure woven from interlaced branches and earth, offering improved protection and organization for herds.;;;;;x
rough_sawpit;Rough Sawpit;;;;;x
rough_sawpit_desc;A sunken pit and simple platform where logs are sawn by hand, enabling better timber processing for the growing tribe.;;;;;x
arctic_open_snow_pit;Open Snow Pit;;;;;x
arctic_open_snow_pit_desc;A primitive, hastily dug pit in the snow, providing a meager communal fire for warmth and survival in the frozen wastes.;;;;;x
farmlands_hand_dug_channel;Hand Dug Channel;;;;;x
farmlands_hand_dug_channel_desc;The most basic water conveyance, a rough earth channel dug by hand to guide water to the fields, increasing the lands productivity and supporting a larger tribal presence.;;;;;x
leaf_funnel_collector;Leaf Funnel Collector;;;;;x
leaf_funnel_collector_desc;Simple leaves arranged to channel rainwater into makeshift pits and gourds. The most basic method of jungle water gathering.;;;;;x
tb_market_town_4;Trading Post;;;;;x
tb_market_town_4_desc;A humble collection of tents and carts set up at a crossroads, where local tribesfolk barter goods and news.;;;;;x
tribal_fenced_berry_grove;Fenced Berry Grove;;;;;x
tribal_fenced_berry_grove_desc;A crude fence protects the berry grove from animals and marks tribal territory. A source of food and small gatherings.;;;;;x
simple_paddock;Simple Paddock;;;;;x
simple_paddock_desc;A fenced paddock of rough branches, keeping horses and livestock separated and a bit safer.;;;;;x
wild_patch_clearing;Wild Patch Clearing;;;;;x
wild_patch_clearing_desc;A simple patch of jungle cleared for foraging and subsistence planting, providing the most basic increase to local resources and cohesion.;;;;;x
mountain_cliff_watchpost_rocky_lookout;Rocky Lookout;;;;;x
rocky_lookout_desc;A crude pile of rocks atop the cliff, from which tribesfolk keep a wary eye on the valley below.;;;;;x
hand_dug_ditch;Hand Dug Ditch;;;;;x
hand_dug_ditch_desc;Simple earthworks and shallow ditches dug by hand to bring water to pastureland. Marks the first effort at irrigating tribal grazing lands.;;;;;x
tb_hillfort_4;Timber Barrier;;;;;x
tb_hillfort_4_desc;A rudimentary line of sharpened logs hurriedly set in the earth, forming a basic defensive perimeter for a newly settled encampment.;;;;;x
lookout_stand;Lookout Stand;;;;;x
lookout_stand_desc;A raised wooden platform for better visibility across the wilds, allowing scouts to spot movement from afar.;;;;;x
grass_cleared_ring;Grass Cleared Ring;;;;;x
grass_cleared_ring_desc;A simple patch of earth, cleared of grass and stones, where the first horses are run and broken to the saddle.;;;;;x
brush_platform;Brush Platform;;;;;x
brush_platform_desc;A raised wooden platform of brush and branches, keeping inhabitants above the damp jungle floor.;;;;;x
brush_sled_rack;Brush Sled Rack;;;;;x
brush_sled_rack_desc;A rough rack of branches and brush for storing sleds off the snow. Basic, but vital for early Arctic travel and survival.;;;;;x
simple_hunting_hut;Simple Hunting Hut;;;;;x
simple_hunting_hut_desc;A crude wooden hut providing shelter for hunters, offering a base for foraging and primitive weapon storage.;;;;;x
simple_hide_tent;Simple Hide Tent;;;;;x
simple_hide_tent_desc;A rough shelter of animal hides stretched over bent saplings, offering basic protection from steppe winds. The most rudimentary of encampments for newly arrived clans.;;;;;x
sapling_patch;Sapling Patch;;;;;x
sapling_patch_desc;A small, hastily cleared patch where wild saplings are nurtured for future fruit trees. The beginnings of an orchard, managed by the tribe with basic tools and little protection from the elements.;;;;;x
wicker_granary;Wicker Granary;;;;;x
wicker_granary_desc;A crude, communal granary built of tightly woven branches and wattle, providing basic protection for communal food stores.;;;;;x
earthen_pit_store;Earthen Pit Store;;;;;x
earthen_pit_store_desc;A shallow pit dug into the earth to store grain, protected only by a simple covering. Prone to spoilage and pests, but better than nothing for a newly settled tribe.;;;;;x
pit_trap_clearing;Pit Trap Clearing;;;;;x
pit_trap_clearing_desc;A partially cleared patch in the jungle dotted with primitive pit traps and sharpened stakes, providing basic defense and hunting opportunities.;;;;;x
clay_lump_fence;Clay Lump Fence;;;;;x
clay_lump_fence_desc;A crude barrier of sun dried clay lumps, hastily stacked to mark territory and deter wandering beasts or raiders. It is the first step in establishing a tribal presence in the harsh desert.;;;;;x
desert_oasis_well_hand_dug_pit;Hand Dug Pit;;;;;x
desert_oasis_well_hand_dug_pit_desc;A rough pit dug by hand to reach the precious water table, lined with reeds and stones scavenged from the desert. Basic but life sustaining.;;;;;x
arctic_hand_cut_ice_hole;Hand Cut Ice Hole;;;;;x
arctic_hand_cut_ice_hole_desc;A simple ice hole, carved by hand, allowing basic fishing through the arctic ice.;;;;;x
brush_fence_hilltop;Brush Fence;;;;;x
brush_fence_hilltop_desc;A rudimentary fence of woven brush and brambles, hastily assembled by the first settlers to mark territory and deter wild animals or raiders.;;;;;x
grass_rope_corral;Grass Rope Corral;;;;;x
grass_rope_corral_desc;A simple enclosure woven from grass ropes and wooden stakes, suitable for holding a small herd on the open steppe.;;;;;x
stump_watchpost;Stump Watchpost;;;;;x
stump_watchpost_desc;Rough wooden stumps, sharpened and arranged, offer a basic vantage and warning post for herders and scouts on the open plains.;;;;;x
palm_frond_fence;Palm Frond Fence;;;;;x
palm_frond_fence_desc;A simple barrier of woven palm fronds, marking the edge of a fledgling settlement and offering minimal protection from jungle wildlife and intruders.;;;;;x
hide_drying_rack;Hide Drying Rack;;;;;x
hide_drying_rack_desc;A basic frame of poles and rope for drying fresh hides, used by frontier tanners to begin leather production.;;;;;x
brush_sheep_pen;Brush Sheep Pen;;;;;x
brush_sheep_pen_desc;A crude enclosure made from gathered brush and loose stones, providing minimal shelter and some organization for the flock.;;;;;x
archer_training_target_clearing;Target Clearing;;;;;x
archer_training_target_clearing_desc;A rough patch of ground cleared of trees and brush, marked with makeshift archery targets, serving as the most basic practice ground for aspiring archers.;;;;;x
rope_fenced_pen;Rope Fenced Pen;;;;;x
rope_fenced_pen_desc;A hastily assembled livestock enclosure of rope and wooden stakes, providing only modest protection from predators and thieves.;;;;;x
open_threshing_floor;Open Threshing Floor;;;;;x
open_threshing_floor_desc;A simple, cleared patch of earth used for threshing harvested grain by hand or with flails, exposed to the elements and requiring communal labor.;;;;;x
arctic_snow_pit_cache;Snow Pit Cache;;;;;x
arctic_snow_pit_cache_desc;A primitive snow lined pit dug into the permafrost, used to keep seal skins cool and safe from scavengers.;;;;;x
steppe_hand_dug_pit;Hand Dug Pit;;;;;x
steppe_hand_dug_pit_desc;A simple pit dug by hand, lined with reeds and clay to retain water from seasonal rains. Provides the most basic water access for a newly arrived tribe.;;;;;x
steppe_brush_shelter;Brush Shelter;;;;;x
steppe_brush_shelter_desc;A makeshift shelter of gathered brush and branches, quickly erected to shield travelers from the steppe winds.;;;;;x
reed_landing;Reed Landing;;;;;x
reed_landing_desc;A primitive landing formed from bundled reeds and mud, barely sufficient for the smallest fishing boats.;;;;;x
firepit_gathering;Firepit Gathering;;;;;x
firepit_gathering_desc;A crude circle of stones and logs where warriors gather to share stories, plan raids, and feast over open flames.;;;;;x
brush_beacon_stand;Brush Beacon Stand;;;;;x
brush_beacon_stand_desc;A crude wooden frame atop the hill, stacked with brushwood for smoke signals. The most basic frontier warning system for passing tribes.;;;;;x
brush_enclosure;Brush Enclosure;;;;;x
brush_enclosure_desc;A rough goat pen made from woven branches and gathered brush, marking the beginning of livestock keeping on the mountain frontier.;;;;;x
arctic_snowbank_hut;Snowbank Hut;;;;;x
arctic_snowbank_hut_desc;A rudimentary shelter dug into a snowbank, providing minimal protection from the Arctic elements.;;;;;x
reed_mat_shade;Reed Mat Shade;;;;;x
reed_mat_shade_desc;Simple woven reed mats supported by sticks, providing the most basic communal shade for newly settled tribes in the unforgiving desert.;;;;;x
tribal_council_fire_circle;Fire Circle;;;;;x
tribal_council_fire_circle_desc;A ring of stones around a communal fire, serving as the very first gathering place for tribal deliberation and council.;;;;;x
rock_overhang_hut;Rock Overhang Hut;;;;;x
rock_overhang_hut_desc;A humble shelter fashioned beneath a natural mountain overhang, giving minimal protection from the elements for the first settlers.;;;;;x
wild_herb_patch;Wild Herb Patch;;;;;x
wild_herb_patch_desc;A rough clearing where wild herbs are gathered and tended, protected with simple markers.;;;;;x
grass_basket_store;Grass Basket Store;;;;;x
grass_basket_store_desc;Makeshift storage of wild grains in woven grass baskets, offering only the most basic protection from the elements and pests.;;;;;x
seedling_patch;Seedling Patch;;;;;x
seedling_patch_desc;A small, hand cleared area where the first palm seedlings are planted. Marked by basic earthworks and reed markers, it begins the transformation of the desert.;;;;;x
brush_windbreak;Brush Windbreak;;;;;x
brush_windbreak_desc;A simple barrier of gathered brush and branches, hastily erected to offer shelter from the relentless plains winds.;;;;;x
stick_fenced_enclosure;Stick Fenced Enclosure;;;;;x
stick_fenced_enclosure_desc;A hastily constructed pen of sharpened sticks and rope, barely enough to corral livestock on the open frontier.;;;;;x
rope_corral;Rope Corral;;;;;x
rope_corral_desc;A makeshift rope enclosure for horses, hastily erected as soon as the tribe settles new land.;;;;;x
tribal_wild_berry_patch;Wild Berry Patch;;;;;x
tribal_wild_berry_patch_desc;A simple clearing where tribesfolk gather wild berries. Provides sustenance and a faint sense of order in the hills.;;;;;x
rope_enclosure;Rope Enclosure;;;;;x
rope_enclosure_desc;A primitive boundary of rope and stakes, offering a basic pen for a handful of camels in the desert wilds.;;;;;x
tb_hillfort_1;Brush Shelter;;;;;x
brush_shelter_desc;A crude lean to of branches and leaves, offering minimal shelter for scouts on the frontier.;;;;;x
reed_basket_store;Reed Basket Store;;;;;x
reed_basket_store_desc;Makeshift stores of woven reed baskets, hastily covered to protect the harvest against the elements and wildlife.;;;;;x
tb_market_town_1;Woodpile Clearing;;;;;x
woodpile_clearing_desc;A simple clearing where felled timber is stacked, providing the most basic material stockpile for tribal work.;;;;;x
brush_blind;Brush Blind;;;;;x
brush_blind_desc;A makeshift camouflage shelter made of branches and leaves, used by hunters to conceal themselves while observing game.;;;;;x
snare_makers_leanto;Snare Makers Lean to;;;;;x
snare_makers_leanto_desc;A rough shelter of branches and leaves where the first jungle trappers gather, crafting simple snares and warning alarms to defend the fledgling camp.;;;;;x
tb_shipyard_1;Timber Dock;;;;;x
tb_shipyard_1_desc;A modest dock made of carved timber logs, suitable for tying up small boats and launching simple river vessels.;;;;;x

tb_shipyard_2;Reinforced Wharf;;;;;x
tb_shipyard_2_desc;A sturdier structure allows for heavier ships and more traffic, laying the foundation for a proper tribal fleet.;;;;;x

tb_shipyard_3;Boatwrights Hall;;;;;x
tb_shipyard_3_desc;An open-air hall for tribal boatwrights to craft hulls and bind oars using seasoned lumber and ancient techniques.;;;;;x

tb_shipyard_4;Mariners Pavilion;;;;;x
tb_shipyard_4_desc;A gathering spot for tribal sailors and naval chiefs, offering better coordination of sea raids and defenses.;;;;;x

tb_shipyard_5;Tide-Warped Docks;;;;;x
tb_shipyard_5_desc;Expanded docks reinforced with stone and bone, able to support trade vessels and fast warships alike.;;;;;x

tb_shipyard_6;Deepwater Anchorage;;;;;x
tb_shipyard_6_desc;A rare deepwater mooring nestled in the tribal coast, this allows larger ships to rest safely offshore.;;;;;x

tb_shipyard_7;Salt-Kissed Shipyard;;;;;x
tb_shipyard_7_desc;Weathered by wind and wave, this facility crafts hardened hulls for ocean journeys and war campaigns.;;;;;x

tb_shipyard_8;War-Galley Stockade;;;;;x
tb_shipyard_8_desc;Heavily guarded with tribal warriors, this fortified shipyard focuses solely on building swift war galleys.;;;;;x

tb_shipyard_9;Seaborne Assembly Grounds;;;;;x
tb_shipyard_9_desc;The spiritual center of tribal naval power, where sea rites are performed and grand ships are blessed.;;;;;x

tb_shipyard_10;Great Seafaring Bastion;;;;;x
tb_shipyard_10_desc;The pinnacle of tribal naval engineering, this coastal stronghold ensures total maritime dominance and mythic legacy.;;;;;x

ai_slop_tribal_adopt_feudalism;Adopt Feudalism;;;;;x
ai_slop_tribal_adopt_feudalism_desc;Transition your tribe to a feudal government, enabling castles and feudal holdings.;;;;;x
TT_BUILD_FEUDAL_HOLDINGS;Your government will become Feudal.;;;;;x
ai_slop_tribal_adopt_republicanism;Adopt Republicanism;;;;;x
ai_slop_tribal_adopt_republicanism_desc;Transition your tribe to a republican government, enabling city holdings and trade posts.;;;;;x
TT_BUILD_MERCHANT_REPUBLIC_HOLDINGS;Your government will become a Merchant Republic.;;;;;x
